answer,latitude,longitude,category,dinner_from,dinner_to
PRE13/ARE11/SUB1103,35.6991495,139.758853,ラーメン・麺類,17:00:00,22:00:00
PRE13/ARE7/SUB703,35.6392045,139.7045201,イタリアン,18:00:00,22:00:00
PRE13/ARE14/SUB1405,35.6564145,139.7341025,すし・魚料理,17:00:00,23:00:00
PRE13/ARE19/SUB1902,35.5875477,139.7325523,焼肉,17:00:00,23:00:00
PRE12/ARE41/SUB4101,35.8595526,139.9745804,中華,16:00:00,20:00:00
PRE13/ARE14/SUB1405,35.6567927,139.7337509,居酒屋・バー,17:30:00,23:30:00
PRE12/ARE41/SUB4101,35.8588749,139.9751118,洋食・西洋料理,17:00:00,6:00:00
PRE13/ARE13/SUB704,35.6318624,139.7112665,アジア・エスニック,17:00:00,22:00:00
PRE13/ARE18/SUB1801,35.6681156,139.7410056,ビュッフェ・バイキング,18:00:00,21:30:00
PRE14/ARE30/SUB3002,35.2468656,139.0474157,中華,17:00:00,0:00:00
PRE13/ARE14/SUB1405,35.6552129,139.7359542,すし・魚料理,17:30:00,22:00:00
PRE13/ARE14/SUB1405,35.6567705,139.7358923,中華,18:00:00,23:00:00
PRE13/ARE26/SUB2602,35.7373261,139.6712503,中華,18:00:00,23:45:00
PRE13/ARE14/SUB1405,35.6559262,139.7358396,焼肉,19:00:00,24:00:00
PRE13/ARE23/SUB109,35.6801223,139.7041527,フレンチ,18:00:00,23:00:00
PRE13/ARE2/SUB201,35.6680094,139.7630816,焼肉,17:00:00,24:00:00
PRE13/ARE665/SUB2002,35.6288253,139.6890373,焼肉,18:00:00,23:00:00
PRE13/ARE14/SUB1405,35.6571773,139.7372348,中華,11:30:00,21:00:00
PRE13/ARE2/SUB204,35.6650001,139.7705589,すし・魚料理,17:30:00,22:00:00
PRE13/ARE7/SUB701,35.6486912,139.7086884,居酒屋・バー,18:00:00,29:00:00
PRE13/ARE14/SUB1405,35.6556056,139.7356689,アジア・エスニック,16:30:00,23:00:00
PRE13/ARE24/SUB2402,35.7766316,139.6317577,ラーメン・麺類,17:00:00,20:30:00
PRE13/ARE15/SUB1501,35.6786051,139.7703696,焼鳥・串料理,17:00:00,22:00:00
PRE13/ARE14/SUB1405,35.6576863,139.7275643,焼鳥・串料理,18:00:00,22:00:00
PRE14/ARE36/SUB3601,35.4017202,139.5954637,ラーメン・麺類,17:00:00,21:30:00
PRE13/ARE14/SUB1405,35.6550438,139.7384036,和食・日本料理,18:00:00,0:00:00
PRE28/ARE106/SUB10601,34.5888489,135.0173781,すし・魚料理,16:30:00,20:00:00
PRE13/ARE14/SUB1405,35.6547819,139.7350036,イタリアン,18:00:00,24:00:00
PRE13/ARE14/SUB1405,35.6472295,139.736612,中華,19:00:00,22:00:00
PRE13/ARE14/SUB1405,35.6564374,139.7401447,フレンチ,18:30:00,21:00:00
PRE13/ARE661/SUB103,35.7122859,139.7050184,居酒屋・バー,18:00:00,5:00:00
PRE13/ARE14/SUB1405,35.6513788,139.7231532,和食・日本料理,18:00:00,22:00:00
PRE04/ARE535/SUB27203,38.9122822,141.5430987,ラーメン・麺類,19:00:00,21:00:00
PRE13/ARE14/SUB1405,35.6605741,139.7391402,イタリアン,18:00:00,23:00:00
PRE27/ARE94/SUB9502,34.6687817,135.4988853,焼肉,17:00:00,23:00:00
PRE13/ARE14/SUB1405,35.6518821,139.7299597,和食・日本料理,18:00:00,23:00:00
PRE35/ARE229/SUB22901,33.96601,130.957497,すし・魚料理,17:00:00,21:30:00
PRE13/ARE14/SUB1405,35.6607507,139.7369421,焼肉,19:00:00,24:00:00
PRE13/ARE14/SUB1405,35.6566322,139.7347399,アジア・エスニック,17:00:00,23:30:00
PRE13/ARE17/SUB1701,35.6989217,139.8097767,丼もの・揚げ物,18:00:00,20:30:00
PRE13/ARE14/SUB1405,35.657312,139.73261,焼鳥・串料理,18:00:00,23:00:00
PRE13/ARE14/SUB1405,35.655356,139.726504,フレンチ,18:00:00,24:00:00
PRE12/ARE46/SUB4601,35.5252253,140.0891054,ラーメン・麺類,17:00:00,21:00:00
PRE13/ARE14/SUB1405,35.6553707,139.7346925,イタリアン,18:00:00,22:30:00
PRE14/ARE34/SUB31301,35.336476,139.488228,イタリアン,17:00:00,22:30:00
PRE13/ARE14/SUB1405,35.655043,139.7367034,中華,17:00:00,23:30:00
PRE13/ARE662/SUB66202,35.7310456,139.7160179,居酒屋・バー,17:00:00,28:30:00
PRE28/ARE103/SUB10302,34.731025,135.3126759,ラーメン・麺類,0:00:00,0:00:00
PRE13/ARE2/SUB201,35.671386,139.7657206,中華,17:00:00,23:00:00
PRE13/ARE16/SUB1602,35.6593042,139.7558377,イタリアン,18:00:00,23:00:00
PRE13/ARE12/SUB1204,35.7005118,139.6475172,ラーメン・麺類,17:30:00,21:30:00
PRE13/ARE2/SUB201,35.6704855,139.762771,カフェ・スイーツ,17:00:00,23:30:00
PRE13/ARE23/SUB2303,35.667425,139.718777,和食・日本料理,17:30:00,22:00:00
PRE27/ARE90/SUB9001,34.695402,135.5291559,イタリアン,17:00:00,22:30:00
PRE13/ARE8/SUB806,35.6571802,139.6955243,居酒屋・バー,17:00:00,26:00:00
PRE13/ARE14/SUB1405,35.6561608,139.7442082,中華,17:00:00,24:00:00
PRE18/ARE556/SUB15401,36.0635281,136.2470815,イタリアン,17:00:00,23:00:00
PRE08/ARE369/SUB5705,36.1959317,139.7075741,中華,16:00:00,21:00:00
PRE28/ARE103/SUB10301,34.7498307,135.3272694,イタリアン,18:00:00,23:00:00
PRE13/ARE7/SUB702,35.6504097,139.6965947,フレンチ,18:00:00,23:00:00
PRE13/ARE14/SUB1401,35.6581425,139.732102,ラーメン・麺類,17:00:00,23:00:00
PRE13/ARE14/SUB1405,35.653401,139.735214,すし・魚料理,17:00:00,22:30:00
PRE13/ARE21/SUB2102,35.7485415,139.8270636,ラーメン・麺類,17:00:00,24:40:00
PRE27/ARE86/SUB8604,34.6780795,135.5656323,居酒屋・バー,18:00:00,20:00:00
PRE13/ARE14/SUB1405,35.656759,139.734067,焼肉,18:30:00,23:30:00
PRE04/ARE536/SUB53601,38.6156843,140.9829301,郷土料理,17:00:00,22:20:00
PRE11/ARE52/SUB5202,35.827506,139.693701,その他,18:00:00,22:00:00
PRE14/ARE31/SUB3102,35.582038,139.5512877,フレンチ,17:30:00,25:00:00
PRE13/ARE8/SUB802,35.6621521,139.6977817,居酒屋・バー,17:30:00,20:00:00
PRE13/ARE14/SUB1405,35.6575109,139.7324641,焼肉,18:30:00,24:00:00
PRE13/ARE14/SUB1405,35.6540209,139.7353202,和食・日本料理,17:30:00,23:00:00
PRE45/ARE141/SUB14101,31.8795614,131.4113429,洋食・西洋料理,17:00:00,22:00:00
PRE13/ARE14/SUB1405,35.6533236,139.735855,その他,17:30:00,19:30:00
PRE39/ARE147/SUB14701,33.559241,133.536524,イタリアン,17:30:00,21:30:00
PRE13/ARE10/SUB1001,35.6839796,139.783581,イタリアン,17:30:00,22:30:00
PRE13/ARE14/SUB1405,35.65162,139.740615,フレンチ,17:00:00,21:00:00
PRE34/ARE152/SUB56604,34.394381,132.4444361,フレンチ,17:00:00,23:00:00
PRE25/ARE266/SUB26601,35.2711296,136.251395,焼鳥・串料理,17:30:00,22:00:00
PRE27/ARE89/SUB8902,34.6974456,135.4994235,和食・日本料理,17:30:00,22:30:00
PRE23/ARE63/SUB6304,35.1626932,136.9145774,洋食・西洋料理,17:30:00,29:00:00
PRE13/ARE14/SUB1405,35.6572723,139.7416896,珍しい各国料理,18:00:00,22:00:00
PRE13/ARE14/SUB1405,35.6559264,139.7423025,洋食・西洋料理,18:00:00,21:00:00
PRE27/ARE93/SUB62204,34.6601357,135.4495426,すし・魚料理,17:00:00,23:00:00
PRE13/ARE25/SUB2502,35.6553395,139.5676662,ラーメン・麺類,18:00:00,23:00:00
PRE13/ARE24/SUB2401,35.7487509,139.703697,居酒屋・バー,17:00:00,26:00:00
PRE17/ARE260/SUB26001,36.4046238,136.4498626,焼肉,17:00:00,26:00:00
PRE26/ARE116/SUB11504,35.0297269,135.7764526,お好み焼・粉物,17:00:00,22:30:00
PRE27/ARE90/SUB9001,34.6981763,135.5285026,居酒屋・バー,17:00:00,20:00:00
PRE13/ARE14/SUB1405,35.6550515,139.7358316,丼もの・揚げ物,17:30:00,23:30:00
PRE14/ARE37/SUB3701,35.5280928,139.6979686,しゃぶしゃぶ・すき焼き,17:00:00,23:00:00
PRE13/ARE16/SUB1301,35.6229241,139.7496379,居酒屋・バー,17:00:00,23:00:00
PRE13/ARE7/SUB701,35.646708,139.7152899,イタリアン,18:00:00,23:00:00
PRE13/ARE664/SUB2201,35.6620041,139.6722535,ラーメン・麺類,0:00:00,0:00:00
PRE11/ARE51/SUB5103,35.843976,139.647954,和食・日本料理,17:00:00,23:00:00
PRE13/ARE11/SUB1102,35.7036575,139.7729738,すし・魚料理,17:00:00,21:00:00
PRE34/ARE152/SUB56604,34.3931042,132.4319887,焼肉,17:00:00,21:00:00
PRE13/ARE14/SUB1405,35.656598,139.7436376,焼鳥・串料理,17:00:00,23:30:00
PRE14/ARE37/SUB3502,35.5839729,139.6305978,焼肉,17:00:00,28:00:00
PRE41/ARE140/SUB14001,33.273461,130.2901473,すし・魚料理,17:00:00,22:00:00
PRE01/ARE164/SUB44002,43.1051866,141.3475297,アジア・エスニック,17:00:00,22:00:00
PRE13/ARE11/SUB1103,35.6955307,139.7647833,和食・日本料理,17:45:00,22:30:00
PRE13/ARE11/SUB1102,35.6993567,139.7770907,居酒屋・バー,17:30:00,23:00:00
PRE13/ARE6/SUB601,35.717239,139.73807,フレンチ,18:00:00,22:00:00
PRE13/ARE2/SUB204,35.6693462,139.7734171,和食・日本料理,17:30:00,22:00:00
PRE14/ARE37/SUB3502,35.5587778,139.6515623,すし・魚料理,17:00:00,22:00:00
PRE13/ARE10/SUB1002,35.6791409,139.7789879,居酒屋・バー,17:00:00,23:30:00
PRE13/ARE10/SUB1001,35.6883788,139.7864991,イタリアン,18:00:00,23:30:00
PRE13/ARE14/SUB1405,35.6567594,139.7340675,焼肉,18:30:00,23:00:00
PRE13/ARE14/SUB1405,35.654317,139.7346407,お好み焼・粉物,19:00:00,3:00:00
PRE13/ARE2/SUB1601,35.665058,139.7579166,郷土料理,17:00:00,23:30:00
PRE13/ARE14/SUB1405,35.6610865,139.7387456,和食・日本料理,17:30:00,22:00:00
PRE13/ARE6/SUB604,35.7007862,139.7409994,イタリアン,18:00:00,23:00:00
PRE13/ARE14/SUB1405,35.6486382,139.7364925,中華,17:00:00,22:00:00
PRE13/ARE14/SUB1405,35.6606035,139.7389003,中華,17:30:00,23:00:00
PRE13/ARE14/SUB1405,35.6563736,139.7430639,中華,17:00:00,22:00:00
PRE13/ARE14/SUB1405,35.6509366,139.7442696,イタリアン,17:30:00,21:00:00
PRE13/ARE14/SUB1405,35.6555874,139.7357257,焼肉,18:30:00,20:00:00
PRE13/ARE14/SUB1405,35.6559186,139.7354401,アジア・エスニック,17:00:00,20:00:00
PRE13/ARE6/SUB604,35.7009237,139.7400708,イタリアン,18:00:00,23:00:00
PRE13/ARE661/SUB108,35.6985478,139.7006328,アジア・エスニック,15:10:00,23:30:00
PRE34/ARE152/SUB56606,34.3943411,132.4711521,ラーメン・麺類,17:00:00,22:00:00
PRE13/ARE9/SUB901,35.721004,139.763898,ラーメン・麺類,17:00:00,22:30:00
PRE13/ARE11/SUB1103,35.7088898,139.7538919,居酒屋・バー,17:30:00,23:30:00
PRE13/ARE9/SUB901,35.7086965,139.7853704,ラーメン・麺類,17:30:00,19:30:00
PRE13/ARE17/SUB1701,35.6943676,139.816793,焼肉,18:00:00,1:00:00
PRE13/ARE9/SUB904,35.7178073,139.8201478,居酒屋・バー,17:00:00,2:00:00
PRE13/ARE17/SUB1704,35.6949953,139.7938203,イタリアン,18:00:00,23:00:00
PRE10/ARE60/SUB6002,36.3226366,139.0092764,和食・日本料理,17:00:00,24:00:00
PRE13/ARE13/SUB705,35.6220904,139.7035435,ラーメン・麺類,17:00:00,22:00:00
PRE13/ARE664/SUB2205,35.6519521,139.6357712,イタリアン,17:00:00,23:00:00
PRE13/ARE663/SUB1205,35.7049543,139.6135047,すし・魚料理,17:00:00,23:30:00
PRE13/ARE663/SUB1205,35.7006541,139.6026167,すし・魚料理,17:30:00,22:30:00
PRE13/ARE12/SUB1204,35.6977412,139.6401375,すし・魚料理,17:30:00,23:30:00
PRE13/ARE12/SUB1204,35.7024946,139.6518309,中華,17:30:00,21:00:00
PRE13/ARE662/SUB66201,35.7303421,139.7105637,フレンチ,17:00:00,23:00:00
PRE13/ARE24/SUB2401,35.7634568,139.6756102,和食・日本料理,17:30:00,23:30:00
PRE13/ARE3/SUB302,35.615482,139.379096,イタリアン,0:00:00,22:00:00
PRE13/ARE12/SUB1208,35.7292111,139.6017548,ラーメン・麺類,18:00:00,30:00:00
PRE13/ARE10/SUB1004,35.6642621,139.872186,和食・日本料理,17:30:00,23:10:00
PRE13/ARE3/SUB302,35.657255,139.3371123,居酒屋・バー,18:00:00,24:00:00
PRE13/ARE3/SUB303,35.7918491,139.308982,焼肉,17:00:00,22:00:00
PRE13/ARE25/SUB2501,35.6582797,139.4584052,居酒屋・バー,18:00:00,0:00:00
PRE13/ARE666/SUB66602,35.7497112,139.4712169,焼鳥・串料理,17:00:00,23:30:00
PRE13/ARE667/SUB2503,35.6471177,139.4465852,すし・魚料理,17:00:00,22:30:00
PRE14/ARE39/SUB3903,35.4405788,139.6506765,フレンチ,18:00:00,23:00:00
PRE14/ARE589/SUB58903,35.4348042,139.630934,丼もの・揚げ物,16:00:00,19:00:00
PRE14/ARE583/SUB3603,35.3914482,139.615939,和食・日本料理,17:00:00,24:00:00
PRE14/ARE35/SUB58204,35.536531,139.6304019,ラーメン・麺類,17:30:00,22:00:00
PRE14/ARE36/SUB3601,35.3971583,139.5629009,中華,17:30:00,21:00:00
PRE14/ARE37/SUB3701,35.5288005,139.7010152,すし・魚料理,17:00:00,5:30:00
PRE23/ARE65/SUB6502,35.1559586,136.9171398,ラーメン・麺類,16:00:00,23:30:00
PRE14/ARE28/SUB2803,35.5820078,139.3619967,ファミレス・ファーストフード,15:00:00,27:00:00
PRE13/ARE663/SUB1202,35.698918,139.576915,アジア・エスニック,17:00:00,22:00:00
PRE14/ARE40/SUB3406,35.2940505,139.5800422,フレンチ,17:30:00,22:30:00
PRE14/ARE29/SUB57304,35.3448933,139.141053,イタリアン,17:00:00,23:00:00
PRE26/ARE660/SUB11003,35.0172545,135.7551035,ラーメン・麺類,0:00:00,0:00:00
PRE27/ARE94/SUB9402,34.6774756,135.4951106,居酒屋・バー,0:00:00,0:00:00
PRE27/ARE91/SUB9104,34.6891605,135.5060926,焼鳥・串料理,17:00:00,25:00:00
PRE27/ARE91/SUB9102,34.6830973,135.5046235,和食・日本料理,17:30:00,23:00:00
PRE13/ARE14/SUB1405,35.654138,139.735331,居酒屋・バー,19:00:00,4:00:00
PRE27/ARE87/SUB8701,34.5761583,135.4728087,和食・日本料理,17:00:00,23:00:00
PRE23/ARE69/SUB6901,35.2059782,136.8969384,居酒屋・バー,18:00:00,24:00:00
PRE23/ARE68/SUB6801,35.1351067,136.8732749,焼肉,17:00:00,24:00:00
PRE23/ARE68/SUB6801,35.1221752,136.8686318,その他,17:00:00,22:00:00
PRE13/ARE11/SUB1104,35.6963622,139.7556833,居酒屋・バー,17:00:00,23:00:00
PRE23/ARE73/SUB7302,35.1773231,136.7196492,フレンチ,17:30:00,22:00:00
PRE23/ARE74/SUB60604,34.8554725,136.9241579,すし・魚料理,17:30:00,20:00:00
PRE40/ARE122/SUB12301,33.5903599,130.3931408,和食・日本料理,17:00:00,23:00:00
PRE40/ARE122/SUB12301,33.5868436,130.3924687,イタリアン,18:00:00,23:00:00
PRE40/ARE136/SUB13603,33.1991505,130.3798913,イタリアン,17:30:00,21:30:00
PRE40/ARE135/SUB13502,33.5440532,130.4879174,すし・魚料理,17:00:00,21:00:00
PRE40/ARE135/SUB65309,33.5153591,130.4178839,丼もの・揚げ物,17:00:00,21:30:00
PRE26/ARE108/SUB10801,35.0135224,135.7667911,和食・日本料理,17:30:00,22:30:00
PRE26/ARE657/SUB10901,35.0062752,135.7605743,居酒屋・バー,16:00:00,24:00:00
PRE26/ARE112/SUB11201,35.0020729,135.7780588,和食・日本料理,17:00:00,22:30:00
PRE26/ARE111/SUB11103,34.9894201,135.7360127,中華,17:00:00,20:30:00
PRE26/ARE112/SUB11301,34.9847313,135.8176852,焼肉,17:00:00,23:00:00
PRE01/ARE244/SUB24401,41.7752901,140.7453056,ラーメン・麺類,17:00:00,20:00:00
PRE01/ARE446/SUB26101,43.182004,141.0110444,居酒屋・バー,18:00:00,23:00:00
PRE01/ARE271/SUB27101,43.8059296,142.3880418,ラーメン・麺類,17:00:00,23:00:00
PRE01/ARE300/SUB30001,42.9768524,144.3917458,居酒屋・バー,17:00:00,23:00:00
PRE01/ARE300/SUB30001,43.0064188,144.3941498,中華,17:30:00,23:00:00
PRE01/ARE265/SUB26501,42.9124175,143.2046138,すし・魚料理,18:00:00,22:00:00
PRE01/ARE291/SUB29102,43.8080533,143.8587802,ラーメン・麺類,17:00:00,19:00:00
PRE01/ARE261/SUB44502,43.0744511,141.4915578,焼鳥・串料理,18:00:00,23:00:00
PRE01/ARE261/SUB44502,42.9642061,141.5524301,焼肉,17:00:00,22:00:00
PRE02/ARE159/SUB15901,40.8263625,140.7543253,居酒屋・バー,16:00:00,24:00:00
PRE02/ARE344/SUB34401,40.8102735,140.4423143,居酒屋・バー,17:00:00,24:00:00
PRE03/ARE161/SUB16101,39.7042825,141.1542684,丼もの・揚げ物,17:30:00,20:30:00
PRE04/ARE158/SUB53103,38.256722,140.8783331,お好み焼・粉物,17:00:00,21:30:00
PRE04/ARE535/SUB27202,38.4334242,141.3064696,居酒屋・バー,17:30:00,22:30:00
PRE05/ARE160/SUB16001,39.7250495,140.129703,丼もの・揚げ物,17:30:00,21:00:00
PRE15/ARE498/SUB49801,37.6875416,138.8782519,フレンチ,17:30:00,23:00:00
PRE06/ARE162/SUB16201,38.2490641,140.3397627,ラーメン・麺類,17:00:00,20:00:00
PRE06/ARE289/SUB34803,38.1172174,140.0426395,焼肉,17:00:00,23:00:00
PRE07/ARE235/SUB23501,37.490125,139.9297043,居酒屋・バー,17:00:00,20:00:00
PRE07/ARE163/SUB16302,37.3726348,140.3648725,焼肉,17:00:00,24:00:00
PRE13/ARE16/SUB1302,35.6444894,139.7365236,ラーメン・麺類,17:00:00,22:00:00
PRE07/ARE163/SUB35105,37.1246532,140.1967939,ラーメン・麺類,17:30:00,23:00:00
PRE07/ARE235/SUB35302,37.6516687,139.8733613,居酒屋・バー,18:00:00,23:00:00
PRE07/ARE222/SUB22202,37.8015607,140.9190917,その他,17:00:00,22:00:00
PRE08/ARE56/SUB5601,36.4024908,140.4354878,ラーメン・麺類,17:30:00,22:00:00
PRE08/ARE57/SUB5702,36.0503233,140.1334582,すし・魚料理,18:00:00,21:00:00
PRE08/ARE56/SUB5602,36.4337779,140.5389571,居酒屋・バー,17:00:00,24:00:00
PRE08/ARE58/SUB37002,35.9584977,140.6379168,和食・日本料理,17:30:00,21:30:00
PRE08/ARE56/SUB36704,36.4686632,140.4521809,和食・日本料理,17:00:00,20:00:00
PRE08/ARE58/SUB5801,35.8965195,140.6391848,和食・日本料理,17:00:00,22:30:00
PRE09/ARE238/SUB23801,36.3632466,139.5752002,ラーメン・麺類,17:00:00,22:30:00
PRE09/ARE59/SUB53702,36.5165275,139.6717424,ラーメン・麺類,17:00:00,18:30:00
PRE09/ARE269/SUB26901,36.68901,139.7493699,洋食・西洋料理,17:30:00,22:00:00
PRE09/ARE238/SUB23802,36.3380758,139.7787684,丼もの・揚げ物,17:00:00,21:30:00
PRE10/ARE544/SUB54404,36.41217,139.3377561,和食・日本料理,17:00:00,21:30:00
PRE10/ARE544/SUB6003,36.3199366,139.1967385,ラーメン・麺類,18:00:00,21:00:00
PRE07/ARE163/SUB35102,37.5909616,140.4286786,ラーメン・麺類,17:00:00,20:00:00
PRE11/ARE53/SUB5301,35.9039787,139.6262426,こだわりの肉料理,17:00:00,23:30:00
PRE11/ARE51/SUB5102,35.878997,139.6510768,すし・魚料理,17:00:00,22:00:00
PRE11/ARE51/SUB5102,35.8744717,139.658855,中華,17:00:00,22:00:00
PRE11/ARE51/SUB5105,35.8343139,139.6752443,中華,17:00:00,20:30:00
PRE11/ARE50/SUB5002,35.9080469,139.4841352,居酒屋・バー,17:00:00,26:00:00
PRE11/ARE52/SUB5201,35.8160027,139.7026951,居酒屋・バー,20:00:00,6:00:00
PRE11/ARE489/SUB48904,36.1390399,139.4576924,ラーメン・麺類,17:30:00,19:00:00
PRE11/ARE48/SUB4802,35.8469288,139.3250287,ラーメン・麺類,18:00:00,22:00:00
PRE11/ARE49/SUB4904,36.1098274,139.6592196,和食・日本料理,17:00:00,21:30:00
PRE46/ARE143/SUB14301,31.5868669,130.5416427,しゃぶしゃぶ・すき焼き,17:30:00,22:30:00
PRE01/ARE261/SUB44502,43.104442,141.532686,ラーメン・麺類,17:00:00,21:30:00
PRE11/ARE49/SUB48805,36.0186308,139.6351233,中華,17:00:00,21:00:00
PRE12/ARE45/SUB4501,35.6082397,140.122412,すし・魚料理,17:00:00,24:00:00
PRE12/ARE47/SUB4701,35.7319705,140.8257411,居酒屋・バー,17:00:00,24:00:00
PRE12/ARE456/SUB4304,35.7005463,139.9872224,フレンチ,17:00:00,24:00:00
PRE12/ARE463/SUB4602,35.3815173,139.922213,ラーメン・麺類,17:00:00,21:00:00
PRE12/ARE42/SUB4102,35.7823766,139.9008159,中華,10:00:00,23:00:00
PRE13/ARE3/SUB302,35.6612821,139.3397194,焼肉,17:00:00,24:00:00
PRE43/ARE142/SUB14201,32.798567,130.708325,ラーメン・麺類,18:00:00,26:00:00
PRE13/ARE9/SUB905,35.7462818,139.7827448,中華,17:00:00,23:00:00
PRE27/ARE89/SUB8902,34.697246,135.4952694,イタリアン,18:00:00,23:00:00
PRE13/ARE14/SUB1405,35.6562697,139.7384758,中華,17:30:00,22:00:00
PRE15/ARE157/SUB49503,37.9016445,139.0564362,すし・魚料理,17:00:00,22:00:00
PRE15/ARE157/SUB49504,37.8936544,139.0024962,すし・魚料理,17:00:00,22:00:00
PRE15/ARE502/SUB22802,37.8734062,138.4170589,和食・日本料理,17:00:00,22:00:00
PRE15/ARE496/SUB49602,38.0525137,139.4000401,すし・魚料理,16:00:00,22:00:00
PRE31/ARE288/SUB28801,35.4317154,133.33125,居酒屋・バー,20:00:00,28:00:00
PRE23/ARE71/SUB7101,35.29017,136.816346,カフェ・スイーツ,17:30:00,21:30:00
PRE32/ARE565/SUB27702,34.6813463,131.8383258,すし・魚料理,17:00:00,22:00:00
PRE18/ARE556/SUB15401,36.0708472,136.2002145,居酒屋・バー,17:30:00,24:00:00
PRE18/ARE553/SUB55301,36.0588281,136.499248,すし・魚料理,17:30:00,22:00:00
PRE17/ARE155/SUB15501,36.5904314,136.6170063,焼鳥・串料理,17:00:00,23:00:00
PRE17/ARE260/SUB26002,36.2837841,136.3560345,和食・日本料理,17:30:00,22:00:00
PRE19/ARE83/SUB8301,35.6516527,138.5565307,居酒屋・バー,18:00:00,27:00:00
PRE20/ARE82/SUB8201,36.6502869,138.1857657,すし・魚料理,17:00:00,23:00:00
PRE20/ARE298/SUB29802,35.5178275,137.825018,すし・魚料理,17:30:00,23:00:00
PRE20/ARE298/SUB56003,35.8526421,137.9937619,ラーメン・麺類,17:00:00,21:00:00
PRE20/ARE82/SUB8202,36.7452822,138.3677555,居酒屋・バー,19:00:00,27:00:00
PRE20/ARE227/SUB22701,36.121503,138.2267095,洋食・西洋料理,0:00:00,0:00:00
PRE20/ARE82/SUB55704,36.7526356,138.2453658,丼もの・揚げ物,17:00:00,20:00:00
PRE21/ARE81/SUB8101,35.3882299,136.731503,ラーメン・麺類,17:00:00,20:45:00
PRE21/ARE81/SUB8101,35.4023609,136.7262035,居酒屋・バー,17:00:00,24:00:00
PRE21/ARE382/SUB38202,35.4894564,136.8716263,こだわりの肉料理,17:00:00,21:00:00
PRE21/ARE382/SUB38204,35.5462081,136.9112765,中華,17:00:00,21:00:00
PRE21/ARE81/SUB37905,35.4136086,136.8465916,中華,17:00:00,22:30:00
PRE38/ARE145/SUB14501,33.8381051,132.7687052,ラーメン・麺類,17:00:00,23:00:00
PRE22/ARE328/SUB32803,35.2463054,138.6101622,ラーメン・麺類,17:00:00,19:30:00
PRE22/ARE322/SUB7603,34.6825079,138.9440684,アジア・エスニック,17:30:00,21:00:00
PRE22/ARE323/SUB32303,34.9946311,138.9386597,和食・日本料理,17:00:00,20:00:00
PRE13/ARE14/SUB1405,35.6571844,139.7370589,洋食・西洋料理,17:00:00,20:00:00
PRE24/ARE408/SUB40802,34.0756064,136.190584,居酒屋・バー,17:30:00,23:30:00
PRE28/ARE100/SUB10004,34.730224,135.2934571,すし・魚料理,16:00:00,20:00:00
PRE28/ARE100/SUB10001,34.7089502,135.2175948,中華,17:00:00,23:00:00
PRE28/ARE105/SUB10501,34.7833182,134.5821026,すし・魚料理,16:30:00,21:00:00
PRE28/ARE105/SUB10503,34.7855888,134.8996743,和食・日本料理,18:00:00,22:00:00
PRE25/ARE119/SUB11901,34.9770547,135.9009628,フレンチ,17:00:00,22:00:00
PRE28/ARE106/SUB10601,34.5258418,134.8848994,和食・日本料理,17:00:00,21:00:00
PRE29/ARE386/SUB38608,34.5643391,135.7169593,フレンチ,17:30:00,21:00:00
PRE29/ARE386/SUB38609,34.5494662,135.7289253,その他,17:00:00,20:00:00
PRE30/ARE121/SUB41703,34.3026276,135.5588503,その他,17:00:00,23:00:00
PRE13/ARE11/SUB1101,35.691173,139.770641,居酒屋・バー,18:00:00,24:00:00
PRE13/ARE14/SUB1405,35.6556017,139.7411125,和食・日本料理,18:00:00,22:00:00
PRE34/ARE152/SUB56606,34.3953712,132.4786607,焼肉,17:00:00,24:00:00
PRE34/ARE152/SUB56603,34.3645305,132.4776828,中華,17:00:00,21:00:00
PRE34/ARE152/SUB56603,34.3562004,132.4635478,居酒屋・バー,18:00:00,24:00:00
PRE34/ARE152/SUB56604,34.4037254,132.4421478,お好み焼・粉物,17:00:00,21:00:00
PRE34/ARE152/SUB56604,34.4095507,132.4519113,居酒屋・バー,16:00:00,25:00:00
PRE34/ARE152/SUB56602,34.3740445,132.3574842,焼肉,17:00:00,22:00:00
PRE34/ARE285/SUB28502,34.4105006,133.2056854,お好み焼・粉物,18:30:00,23:00:00
PRE34/ARE285/SUB28501,34.4866711,133.3676566,和食・日本料理,18:00:00,22:00:00
PRE33/ARE240/SUB24001,34.7565791,134.0238366,居酒屋・バー,16:30:00,22:00:00
PRE36/ARE148/SUB14801,34.0651673,134.5610816,その他,18:00:00,21:00:00
PRE36/ARE148/SUB14801,34.0678502,134.5485881,居酒屋・バー,20:00:00,26:30:00
PRE35/ARE229/SUB22901,33.951995,130.9292517,居酒屋・バー,19:00:00,27:00:00
PRE35/ARE429/SUB14903,34.0529029,131.8046573,ビュッフェ・バイキング,18:00:00,21:30:00
PRE37/ARE146/SUB14601,34.3015963,134.0144437,中華,17:00:00,21:30:00
PRE38/ARE145/SUB14501,33.9495148,132.7702197,中華,17:00:00,22:00:00
PRE41/ARE233/SUB23303,33.4476213,129.9690973,和食・日本料理,17:00:00,24:00:00
PRE42/ARE139/SUB13901,32.7419971,129.8747699,しゃぶしゃぶ・すき焼き,17:00:00,22:00:00
PRE42/ARE507/SUB13903,32.7912769,130.3637301,居酒屋・バー,17:00:00,23:00:00
PRE43/ARE142/SUB14201,32.7911205,130.7006534,ラーメン・麺類,17:30:00,21:00:00
PRE43/ARE142/SUB14201,32.8028665,130.7086105,フレンチ,18:00:00,22:00:00
PRE43/ARE241/SUB24101,32.5035735,130.6014823,焼鳥・串料理,17:00:00,23:30:00
PRE43/ARE280/SUB51203,32.9908493,130.4760386,居酒屋・バー,17:30:00,23:30:00
PRE43/ARE253/SUB25301,32.4567986,130.1897155,和食・日本料理,17:00:00,24:00:00
PRE44/ARE138/SUB13801,33.2371499,131.6122439,しゃぶしゃぶ・すき焼き,17:00:00,21:30:00
PRE44/ARE138/SUB13801,33.2394827,131.6043946,和食・日本料理,18:00:00,22:00:00
PRE44/ARE237/SUB23702,33.1053772,132.0069094,すし・魚料理,18:00:00,21:00:00
PRE44/ARE520/SUB52002,33.5601553,131.7367731,和食・日本料理,17:30:00,22:00:00
PRE45/ARE141/SUB14101,31.9137915,131.4246324,焼鳥・串料理,18:00:00,23:00:00
PRE45/ARE270/SUB27002,31.7216058,131.0439898,焼肉,17:00:00,22:00:00
PRE45/ARE270/SUB27002,31.7233434,131.0916468,中華,18:00:00,21:00:00
PRE45/ARE522/SUB27001,31.6273323,131.3574697,焼肉,17:30:00,22:00:00
PRE46/ARE143/SUB14301,31.5901479,130.5521243,居酒屋・バー,17:00:00,26:00:00
PRE27/ARE91/SUB9103,34.6906447,135.4986892,イタリアン,17:30:00,23:00:00
PRE46/ARE355/SUB35502,32.1233037,130.3415047,焼肉,18:00:00,23:00:00
PRE46/ARE287/SUB28701,30.4100298,130.9022762,すし・魚料理,17:00:00,22:00:00
PRE37/ARE146/SUB14601,34.341813,134.053707,居酒屋・バー,17:30:00,22:00:00
PRE47/ARE144/SUB14404,26.2009525,127.6765767,郷土料理,17:00:00,23:00:00
PRE47/ARE275/SUB27501,24.3376205,124.1640057,郷土料理,17:00:00,22:30:00
PRE13/ARE14/SUB1405,35.655899,139.7428441,焼肉,18:30:00,21:00:00
PRE13/ARE9/SUB902,35.7108961,139.7924849,和食・日本料理,17:00:00,22:00:00
PRE13/ARE663/SUB1202,35.7060803,139.5769736,洋食・西洋料理,17:30:00,22:00:00
PRE28/ARE103/SUB10302,34.736775,135.305871,和食・日本料理,17:00:00,22:00:00
PRE13/ARE8/SUB805,35.6589264,139.7033608,焼肉,17:00:00,23:30:00
PRE13/ARE18/SUB1801,35.672666,139.737312,和食・日本料理,17:30:00,23:30:00
PRE13/ARE14/SUB1405,35.6586892,139.74299,イタリアン,17:00:00,23:30:00
PRE13/ARE14/SUB1405,35.6553929,139.7357883,すし・魚料理,17:00:00,22:00:00
PRE11/ARE53/SUB5301,35.9065267,139.6206262,ラーメン・麺類,17:30:00,23:00:00
PRE01/ARE164/SUB44102,43.0468925,141.3905965,ラーメン・麺類,17:00:00,20:00:00
PRE13/ARE2/SUB1601,35.6657397,139.7558245,居酒屋・バー,18:00:00,24:00:00
PRE11/ARE48/SUB48603,35.8327638,139.3994575,イタリアン,17:30:00,23:00:00
PRE13/ARE665/SUB66501,35.6042229,139.6980029,イタリアン,17:00:00,24:00:00
PRE13/ARE1/SUB101,35.6930418,139.7023667,アジア・エスニック,16:00:00,23:00:00
PRE26/ARE108/SUB10801,35.002333,135.7654584,フレンチ,18:00:00,24:00:00
PRE40/ARE124/SUB12404,33.5814808,130.4013554,その他,17:00:00,24:00:00
PRE43/ARE280/SUB28003,32.9327357,130.8308112,焼肉,17:00:00,21:00:00
PRE14/ARE37/SUB3502,35.5775903,139.6667858,ラーメン・麺類,17:00:00,21:00:00
PRE08/ARE57/SUB5703,35.9025709,140.0644009,洋食・西洋料理,17:00:00,22:30:00
PRE01/ARE244/SUB24401,41.7624292,140.7214093,居酒屋・バー,17:00:00,26:00:00
PRE11/ARE48/SUB4801,35.8076494,139.4587679,すし・魚料理,17:00:00,22:00:00
PRE22/ARE330/SUB33003,35.0396113,138.4596848,イタリアン,17:30:00,22:00:00
PRE27/ARE89/SUB8902,34.6973544,135.4979199,お好み焼・粉物,18:00:00,23:00:00
PRE01/ARE164/SUB43804,43.0578037,141.3574551,洋食・西洋料理,16:30:00,20:30:00
PRE28/ARE99/SUB10101,34.6605463,135.1333281,居酒屋・バー,17:00:00,24:00:00
PRE23/ARE65/SUB6503,35.16148,136.906005,居酒屋・バー,17:00:00,23:00:00
PRE13/ARE14/SUB1405,35.65541,139.735085,中華,17:30:00,22:00:00
PRE14/ARE37/SUB3101,35.6022434,139.6117292,中華,17:00:00,23:00:00
PRE46/ARE143/SUB14301,31.5917482,130.5469054,しゃぶしゃぶ・すき焼き,17:30:00,21:00:00
PRE09/ARE59/SUB5901,36.521787,139.9128858,洋食・西洋料理,17:30:00,20:00:00
PRE44/ARE230/SUB23001,33.6025543,131.1897182,居酒屋・バー,17:00:00,24:00:00
PRE13/ARE3/SUB302,35.6454319,139.3534723,洋食・西洋料理,17:30:00,2:00:00
PRE13/ARE16/SUB1602,35.6574561,139.7567431,焼肉,17:00:00,23:30:00
PRE23/ARE65/SUB6501,35.1427603,136.8999394,郷土料理,17:00:00,21:30:00
PRE06/ARE299/SUB29901,38.8764726,139.8007097,中華,17:00:00,21:00:00
PRE33/ARE153/SUB15301,34.654459,133.9003903,ラーメン・麺類,17:30:00,21:30:00
PRE14/ARE39/SUB3901,35.4586782,139.6298775,居酒屋・バー,17:00:00,22:30:00
PRE22/ARE79/SUB7901,34.698158,137.727418,ラーメン・麺類,17:00:00,20:00:00
PRE14/ARE37/SUB3701,35.5280839,139.6978783,こだわりの肉料理,0:00:00,0:00:00
PRE40/ARE127/SUB12701,33.5923821,130.4108464,ラーメン・麺類,18:00:00,2:30:00
PRE43/ARE142/SUB14201,32.7958194,130.7524083,イタリアン,18:00:00,22:00:00
PRE02/ARE159/SUB15901,40.827403,140.6765111,ラーメン・麺類,17:00:00,20:00:00
PRE40/ARE129/SUB12901,33.5568225,130.4278339,中華,17:00:00,22:00:00
PRE13/ARE14/SUB1404,35.63747,139.724172,居酒屋・バー,19:00:00,3:00:00
PRE28/ARE98/SUB9801,34.6906108,135.1965361,焼鳥・串料理,17:00:00,23:00:00
PRE40/ARE133/SUB13301,33.557664,130.375752,中華,17:30:00,21:30:00
PRE13/ARE20/SUB2004,35.6128906,139.6274512,アジア・エスニック,17:00:00,23:00:00
PRE13/ARE14/SUB1405,35.6564566,139.7333787,焼肉,18:30:00,24:00:00
PRE13/ARE14/SUB1405,35.6568275,139.7326917,和食・日本料理,16:00:00,24:00:00
PRE23/ARE64/SUB6403,35.177486,136.9107503,居酒屋・バー,17:00:00,27:00:00
PRE26/ARE657/SUB10901,35.0051101,135.760514,ラーメン・麺類,17:00:00,22:00:00
PRE23/ARE62/SUB6202,35.173658,136.891122,中華,17:00:00,22:00:00
PRE13/ARE14/SUB1405,35.6512242,139.7429224,ラーメン・麺類,17:00:00,23:00:00
PRE11/ARE48/SUB4801,35.8047163,139.4569159,ラーメン・麺類,17:00:00,23:00:00
PRE01/ARE164/SUB44102,43.046001,141.395882,洋食・西洋料理,17:00:00,21:00:00
PRE13/ARE14/SUB1405,35.6556457,139.7366256,すし・魚料理,17:00:00,20:00:00
PRE20/ARE273/SUB27301,36.2328739,137.9677821,すし・魚料理,17:30:00,22:30:00
PRE27/ARE91/SUB9103,34.688072,135.4957691,焼鳥・串料理,17:30:00,24:00:00
PRE44/ARE138/SUB13801,33.241428,131.602918,しゃぶしゃぶ・すき焼き,17:30:00,23:00:00
PRE33/ARE276/SUB27601,35.0980307,134.0018325,ラーメン・麺類,17:30:00,20:30:00
PRE11/ARE51/SUB5102,35.879976,139.6727069,ラーメン・麺類,18:00:00,24:00:00
PRE23/ARE600/SUB7002,35.055083,137.14574,焼肉,18:00:00,22:00:00
PRE27/ARE85/SUB8501,34.8015542,135.555157,ラーメン・麺類,18:00:00,22:00:00
PRE13/ARE2/SUB1601,35.666396,139.7509416,丼もの・揚げ物,17:30:00,21:00:00
PRE13/ARE14/SUB1405,35.6559512,139.7348376,居酒屋・バー,17:30:00,26:00:00
PRE11/ARE489/SUB4902,36.169117,139.314015,ラーメン・麺類,18:00:00,23:30:00
PRE13/ARE665/SUB2001,35.607369,139.669991,丼もの・揚げ物,17:30:00,23:00:00
PRE06/ARE289/SUB34803,38.047909,140.058014,中華,17:30:00,21:00:00
PRE47/ARE247/SUB24702,26.6855497,127.8863199,丼もの・揚げ物,18:00:00,24:00:00
PRE13/ARE22/SUB2202,35.6762114,139.6680645,中華,17:00:00,22:00:00
PRE11/ARE48/SUB4801,35.77746,139.426059,イタリアン,17:30:00,22:00:00
PRE13/ARE16/SUB1301,35.625255,139.73566,フレンチ,17:30:00,21:00:00
PRE34/ARE152/SUB56608,34.471957,132.487019,ラーメン・麺類,18:00:00,21:00:00
PRE27/ARE96/SUB9601,34.684218,135.51321,丼もの・揚げ物,17:00:00,22:00:00
PRE13/ARE665/SUB2001,35.6085485,139.6855262,ラーメン・麺類,18:00:00,23:00:00
PRE13/ARE16/SUB1302,35.6533527,139.7625277,フレンチ,17:00:00,22:00:00
PRE13/ARE15/SUB1503,35.6873286,139.7739393,フレンチ,18:00:00,22:00:00
PRE34/ARE152/SUB56608,34.46712,132.471204,ラーメン・麺類,18:00:00,20:00:00
PRE27/ARE618/SUB8903,34.6953982,135.4877322,和食・日本料理,17:30:00,23:00:00
PRE13/ARE11/SUB1101,35.6928329,139.7705874,焼鳥・串料理,17:00:00,28:00:00
PRE14/ARE39/SUB3902,35.4469251,139.6348373,ラーメン・麺類,17:00:00,23:30:00
PRE14/ARE30/SUB57403,35.1453341,139.105261,ラーメン・麺類,17:00:00,23:00:00
PRE27/ARE92/SUB9203,34.6879974,135.5143623,丼もの・揚げ物,17:00:00,22:00:00
PRE13/ARE14/SUB1405,35.653753,139.7352724,イタリアン,17:30:00,22:00:00
PRE15/ARE498/SUB49802,37.6392265,138.953163,イタリアン,18:00:00,22:00:00
PRE04/ARE158/SUB53103,38.265279,140.8698596,焼鳥・串料理,17:00:00,22:00:00
PRE13/ARE23/SUB2301,35.6712349,139.708016,居酒屋・バー,18:00:00,26:00:00
PRE11/ARE48/SUB4801,35.8041349,139.4584699,和食・日本料理,17:00:00,21:00:00
PRE05/ARE398/SUB27402,39.4153904,140.5463745,丼もの・揚げ物,17:00:00,20:30:00
PRE13/ARE15/SUB1503,35.6902483,139.7761328,フレンチ,17:00:00,23:30:00
PRE13/ARE6/SUB601,35.7051274,139.7452567,中華,17:00:00,23:00:00
PRE04/ARE158/SUB53102,38.2649259,140.8697428,居酒屋・バー,17:00:00,23:00:00
PRE13/ARE19/SUB1903,35.5634176,139.7078158,和食・日本料理,18:00:00,24:00:00
PRE13/ARE21/SUB2104,35.8118137,139.7709708,すし・魚料理,17:00:00,23:00:00
PRE11/ARE51/SUB5101,35.861039,139.651784,イタリアン,17:30:00,22:00:00
PRE13/ARE10/SUB1002,35.675536,139.7757639,居酒屋・バー,17:00:00,22:00:00
PRE13/ARE14/SUB1405,35.6582191,139.7438494,ラーメン・麺類,17:30:00,22:30:00
PRE12/ARE45/SUB4501,35.6089814,140.1194965,居酒屋・バー,17:00:00,23:00:00
PRE26/ARE112/SUB11301,34.9870036,135.8071096,洋食・西洋料理,17:00:00,21:00:00
PRE40/ARE137/SUB65305,33.7224127,130.4563177,焼鳥・串料理,18:00:00,24:00:00
PRE13/ARE1/SUB104,35.6919738,139.7064936,居酒屋・バー,17:00:00,23:30:00
PRE23/ARE64/SUB6401,35.1717865,136.9167499,ラーメン・麺類,17:00:00,21:00:00
PRE20/ARE227/SUB22701,36.3439553,138.2790488,中華,17:00:00,23:00:00
PRE09/ARE59/SUB5901,36.55813,139.9108408,和食・日本料理,17:00:00,22:00:00
PRE32/ARE151/SUB15102,35.3693083,132.7664332,焼肉,17:00:00,24:00:00
PRE27/ARE87/SUB61203,34.4621045,135.4445,郷土料理,17:00:00,23:00:00
PRE13/ARE2/SUB1603,35.6653503,139.7610004,イタリアン,18:00:00,22:00:00
PRE13/ARE11/SUB1104,35.6963298,139.7562988,ラーメン・麺類,17:00:00,24:00:00
PRE13/ARE662/SUB66201,35.7287209,139.7051108,フレンチ,18:00:00,23:00:00
PRE27/ARE86/SUB61004,34.7776989,135.6245342,中華,16:00:00,21:00:00
PRE13/ARE8/SUB806,35.6602489,139.6965212,イタリアン,18:00:00,24:00:00
PRE13/ARE17/SUB1702,35.6974177,139.783689,お好み焼・粉物,17:00:00,23:00:00
PRE13/ARE19/SUB1901,35.6075281,139.7324464,郷土料理,17:00:00,24:00:00
PRE23/ARE66/SUB6602,35.1557794,137.0051305,ラーメン・麺類,18:00:00,22:00:00
PRE37/ARE146/SUB14601,34.3416553,134.0521417,すし・魚料理,17:00:00,24:00:00
PRE23/ARE63/SUB6201,35.1702891,136.903465,ラーメン・麺類,18:00:00,26:00:00
PRE40/ARE135/SUB65309,33.5156549,130.4350887,焼肉,17:00:00,25:00:00
PRE12/ARE456/SUB4304,35.7051389,139.9817221,ラーメン・麺類,11:30:00,19:45:00
PRE12/ARE463/SUB4602,35.3646521,139.9229825,ラーメン・麺類,0:00:00,0:00:00
PRE30/ARE283/SUB28302,33.6808386,135.3772042,ビュッフェ・バイキング,17:00:00,22:00:00
PRE13/ARE14/SUB1405,35.657309,139.7323124,フレンチ,18:30:00,24:00:00
PRE11/ARE487/SUB4803,36.0474856,139.093649,アジア・エスニック,17:00:00,21:00:00
PRE13/ARE7/SUB701,35.6470563,139.7075877,居酒屋・バー,18:00:00,24:00:00
PRE13/ARE22/SUB2207,35.6712603,139.6173531,中華,17:30:00,23:00:00
PRE04/ARE535/SUB27202,38.4307392,141.3087971,すし・魚料理,17:00:00,20:00:00
PRE40/ARE124/SUB12403,33.5824381,130.4037448,すし・魚料理,18:00:00,24:00:00
PRE22/ARE330/SUB33001,35.0088816,138.4899989,和食・日本料理,17:00:00,22:00:00
PRE13/ARE662/SUB66201,35.7331929,139.7079895,居酒屋・バー,18:00:00,27:00:00
PRE23/ARE66/SUB6604,35.1622827,136.9691525,フレンチ,17:30:00,22:00:00
PRE22/ARE337/SUB33703,34.8069969,137.6872467,ビュッフェ・バイキング,17:00:00,21:30:00
PRE11/ARE53/SUB49304,35.9012895,139.6605503,ラーメン・麺類,18:00:00,22:00:00
PRE15/ARE157/SUB49502,37.9191256,139.0427723,焼肉,17:30:00,22:00:00
PRE13/ARE312/SUB31203,35.6585083,139.7770642,カフェ・スイーツ,17:30:00,22:30:00
PRE13/ARE8/SUB805,35.6612542,139.7020566,イタリアン,17:00:00,26:00:00
PRE09/ARE59/SUB5901,36.5065594,139.8564566,ラーメン・麺類,18:00:00,21:00:00
PRE46/ARE143/SUB14301,31.5922041,130.5546688,イタリアン,18:00:00,24:00:00
PRE13/ARE14/SUB1405,35.6509508,139.7445636,イタリアン,18:00:00,22:00:00
PRE40/ARE124/SUB12403,33.578945,130.3950893,イタリアン,17:00:00,20:00:00
PRE23/ARE66/SUB6601,35.1694787,136.9381414,ラーメン・麺類,18:00:00,25:00:00
PRE27/ARE616/SUB61601,34.6956532,135.5258264,フレンチ,17:00:00,22:00:00
PRE23/ARE72/SUB60406,35.0815499,137.0450069,中華,17:00:00,25:00:00
PRE28/ARE98/SUB9802,34.6874908,135.1843752,洋食・西洋料理,18:00:00,21:30:00
PRE45/ARE297/SUB29702,32.4256182,131.625666,洋食・西洋料理,17:00:00,22:00:00
PRE13/ARE14/SUB1405,35.6578174,139.7321113,焼鳥・串料理,17:00:00,23:00:00
PRE07/ARE163/SUB16301,37.781192,140.463822,すし・魚料理,17:00:00,21:00:00
PRE23/ARE63/SUB6304,35.1677825,136.9032851,中華,17:30:00,24:00:00
PRE26/ARE657/SUB10904,35.0083394,135.7571165,丼もの・揚げ物,17:00:00,21:30:00
PRE34/ARE285/SUB28501,34.4732179,133.3850105,すし・魚料理,17:30:00,23:00:00
PRE24/ARE250/SUB25001,34.9678467,136.6212923,和食・日本料理,17:00:00,22:00:00
PRE43/ARE142/SUB14201,32.8078323,130.7122564,すし・魚料理,17:30:00,23:00:00
PRE13/ARE14/SUB1405,35.6561974,139.736421,焼肉,18:30:00,5:00:00
PRE12/ARE45/SUB4501,35.610656,140.1123038,居酒屋・バー,17:00:00,24:30:00
PRE27/ARE91/SUB9103,34.6898315,135.4960931,すし・魚料理,17:00:00,23:00:00
PRE28/ARE104/SUB10401,34.7944203,135.3573209,お好み焼・粉物,17:00:00,24:00:00
PRE13/ARE11/SUB1102,35.7001525,139.7693746,焼鳥・串料理,16:00:00,24:00:00
PRE26/ARE660/SUB11001,35.0194549,135.7691789,居酒屋・バー,18:00:00,26:00:00
PRE13/ARE9/SUB901,35.7074299,139.776981,居酒屋・バー,17:00:00,22:00:00
PRE04/ARE536/SUB53601,38.5674694,140.8631382,洋食・西洋料理,17:00:00,22:00:00
PRE13/ARE19/SUB1901,35.6037416,139.7321862,丼もの・揚げ物,17:30:00,24:00:00
PRE27/ARE91/SUB9103,34.6923521,135.4933474,和食・日本料理,17:30:00,24:00:00
PRE13/ARE10/SUB1003,35.6735416,139.7928068,中華,17:00:00,23:30:00
PRE07/ARE163/SUB16301,37.7561961,140.4657016,中華,17:00:00,26:00:00
PRE13/ARE11/SUB1103,35.6989803,139.7643262,居酒屋・バー,17:00:00,23:30:00
PRE17/ARE155/SUB15501,36.5815808,136.649694,和食・日本料理,17:00:00,22:30:00
PRE37/ARE262/SUB26201,34.4871993,134.1938587,和食・日本料理,17:00:00,22:00:00
PRE20/ARE273/SUB55902,36.3311105,137.9273549,洋食・西洋料理,16:30:00,20:30:00
PRE20/ARE82/SUB8201,36.6333475,138.2064158,焼肉,17:00:00,24:00:00
PRE20/ARE82/SUB8201,36.651358,138.1893533,アジア・エスニック,18:00:00,24:00:00
PRE20/ARE82/SUB55703,36.6722159,138.315271,丼もの・揚げ物,17:30:00,22:00:00
PRE40/ARE124/SUB12404,33.575434,130.403251,こだわりの肉料理,18:00:00,26:00:00
PRE40/ARE122/SUB12201,33.5912742,130.4004291,焼肉,17:00:00,25:00:00
PRE40/ARE126/SUB12802,33.5879398,130.4229638,中華,17:00:00,23:00:00
PRE40/ARE136/SUB13601,33.3130071,130.5198147,焼肉,18:00:00,22:00:00
PRE40/ARE134/SUB13401,33.7284692,130.966446,焼肉,17:00:00,24:00:00
PRE40/ARE134/SUB65207,33.8469393,130.6146728,丼もの・揚げ物,17:30:00,22:30:00
PRE40/ARE134/SUB13402,33.8817323,130.8829188,洋食・西洋料理,18:00:00,3:00:00
PRE01/ARE245/SUB24501,42.8360281,141.6614598,ラーメン・麺類,17:00:00,21:00:00
PRE01/ARE164/SUB43804,43.0552837,141.3538164,居酒屋・バー,17:00:00,24:00:00
PRE01/ARE164/SUB43803,43.0658336,141.348301,居酒屋・バー,17:00:00,23:00:00
PRE01/ARE164/SUB43804,43.0575696,141.3497532,すし・魚料理,17:00:00,23:30:00
PRE01/ARE164/SUB43804,43.056346,141.3545728,イタリアン,17:00:00,2:00:00
PRE01/ARE261/SUB26102,43.142112,141.2807658,中華,17:00:00,22:00:00
PRE22/ARE79/SUB7901,34.7091687,137.711957,すし・魚料理,18:00:00,29:00:00
PRE22/ARE335/SUB33503,34.7440365,138.0832562,焼鳥・串料理,17:00:00,24:00:00
PRE22/ARE77/SUB32502,35.1089545,138.8566899,フレンチ,18:00:00,22:00:00
PRE22/ARE79/SUB33305,34.781017,137.702097,洋食・西洋料理,17:00:00,21:00:00
PRE22/ARE79/SUB33303,34.6993984,137.7006622,ラーメン・麺類,17:00:00,20:00:00
PRE07/ARE222/SUB22202,37.8761846,140.9214847,丼もの・揚げ物,17:30:00,20:00:00
PRE09/ARE542/SUB54105,36.8995767,139.9795631,ラーメン・麺類,17:30:00,20:00:00
PRE13/ARE17/SUB1701,35.6964363,139.8140621,カフェ・スイーツ,17:00:00,20:00:00
PRE38/ARE145/SUB39004,33.7487368,132.7917353,アジア・エスニック,17:30:00,21:30:00
PRE18/ARE154/SUB55102,36.2255859,136.1383826,ラーメン・麺類,17:00:00,22:00:00
PRE40/ARE134/SUB65206,33.8173345,130.7113373,ラーメン・麺類,17:00:00,20:00:00
PRE47/ARE144/SUB14402,26.2151396,127.683781,郷土料理,18:00:00,22:00:00
PRE13/ARE661/SUB502,35.7225258,139.70364,フレンチ,17:30:00,21:00:00
PRE27/ARE92/SUB62104,34.7122855,135.5113059,居酒屋・バー,17:30:00,24:00:00
PRE13/ARE14/SUB1405,35.6564073,139.7375295,居酒屋・バー,20:00:00,30:00:00
PRE28/ARE99/SUB10101,34.6600348,135.1351871,和食・日本料理,17:00:00,21:00:00
PRE45/ARE141/SUB14101,31.9122066,131.4210428,居酒屋・バー,18:00:00,24:00:00
PRE13/ARE21/SUB2102,35.785816,139.8107981,洋食・西洋料理,17:00:00,22:30:00
PRE09/ARE542/SUB54105,36.9696078,140.0478636,ラーメン・麺類,17:30:00,24:00:00
PRE27/ARE86/SUB61006,34.6277283,135.6008484,洋食・西洋料理,17:00:00,21:00:00
PRE28/ARE105/SUB10501,34.8193201,134.6678945,洋食・西洋料理,18:00:00,22:00:00
PRE26/ARE112/SUB11201,35.0047382,135.7769817,和食・日本料理,17:00:00,23:00:00
PRE13/ARE2/SUB1601,35.6664378,139.7573826,居酒屋・バー,16:00:00,24:00:00
PRE23/ARE70/SUB7004,34.8722493,137.0742254,お好み焼・粉物,17:30:00,21:15:00
PRE27/ARE90/SUB61903,34.6686014,135.5294774,イタリアン,17:30:00,23:00:00
PRE18/ARE556/SUB15401,36.0921361,136.2508535,焼肉,17:00:00,27:00:00
PRE28/ARE639/SUB10702,35.3261,134.8533151,丼もの・揚げ物,17:00:00,21:00:00
PRE26/ARE116/SUB11602,35.0751704,135.7647009,カフェ・スイーツ,16:30:00,18:00:00
PRE28/ARE98/SUB9904,34.6989744,135.1900271,お好み焼・粉物,17:00:00,22:00:00
PRE24/ARE80/SUB8001,34.712764,136.5101831,和食・日本料理,17:30:00,23:00:00
PRE27/ARE88/SUB8804,34.7491371,135.5356686,焼鳥・串料理,17:00:00,26:00:00
PRE20/ARE227/SUB22702,36.3176249,138.6305777,焼肉,17:00:00,21:00:00
PRE27/ARE85/SUB8502,34.8269242,135.6352313,すし・魚料理,17:00:00,21:00:00
PRE45/ARE141/SUB14101,31.9183723,131.4211091,居酒屋・バー,17:00:00,24:00:00
PRE27/ARE93/SUB62205,34.6155433,135.4733039,ラーメン・麺類,18:30:00,26:00:00
PRE41/ARE233/SUB50504,33.2098329,129.8496864,すし・魚料理,17:00:00,21:30:00
PRE23/ARE66/SUB6603,35.1867073,137.0232172,洋食・西洋料理,17:30:00,20:30:00
PRE45/ARE141/SUB14101,31.9098374,131.4208427,イタリアン,18:00:00,22:00:00
PRE24/ARE250/SUB25001,34.9950924,136.6020044,焼肉,17:00:00,22:00:00
PRE17/ARE226/SUB54902,36.7296832,136.6979798,アジア・エスニック,17:00:00,24:00:00
PRE13/ARE11/SUB1101,35.6912743,139.7632012,居酒屋・バー,17:00:00,23:00:00
PRE13/ARE14/SUB1405,35.6491266,139.7354433,イタリアン,18:00:00,26:00:00
PRE46/ARE309/SUB30901,31.5836815,130.8614394,丼もの・揚げ物,17:30:00,20:00:00
PRE07/ARE163/SUB16302,37.4125386,140.3661096,和食・日本料理,17:30:00,22:00:00
PRE17/ARE155/SUB15501,36.5151516,136.6735676,和食・日本料理,0:00:00,0:00:00
PRE12/ARE43/SUB4302,35.6499263,139.8922671,イタリアン,18:00:00,23:00:00
PRE28/ARE99/SUB9902,34.6692821,135.1757237,丼もの・揚げ物,17:00:00,22:00:00
PRE25/ARE266/SUB41203,35.3162854,136.2880288,すし・魚料理,17:00:00,22:00:00
PRE23/ARE75/SUB7501,34.7579339,137.3965885,イタリアン,0:00:00,0:00:00
PRE08/ARE57/SUB36803,36.0056334,140.2182613,フレンチ,17:30:00,21:00:00
PRE24/ARE234/SUB40702,34.3103985,136.8169576,和食・日本料理,17:30:00,22:30:00
PRE14/ARE34/SUB31301,35.3376364,139.4855812,和食・日本料理,16:30:00,23:00:00
PRE18/ARE308/SUB30801,35.9909971,136.1836703,和食・日本料理,17:00:00,23:00:00
PRE13/ARE6/SUB602,35.6926372,139.7351986,すし・魚料理,17:00:00,23:00:00
PRE12/ARE463/SUB4602,35.376569,139.9321904,ラーメン・麺類,18:00:00,25:00:00
PRE14/ARE34/SUB31303,35.3212279,139.338707,イタリアン,17:30:00,21:00:00
PRE11/ARE48/SUB48603,35.8119032,139.3267517,中華,17:00:00,21:00:00
PRE13/ARE18/SUB1802,35.682392,139.7395392,洋食・西洋料理,18:30:00,23:00:00
PRE15/ARE228/SUB50103,36.8953234,138.1803586,洋食・西洋料理,17:30:00,19:00:00
PRE27/ARE86/SUB8604,34.6793663,135.6035499,お好み焼・粉物,17:00:00,24:30:00
PRE27/ARE92/SUB9202,34.6941663,135.5193597,洋食・西洋料理,17:30:00,21:00:00
PRE27/ARE94/SUB9402,34.6739313,135.4924666,居酒屋・バー,18:00:00,3:00:00
PRE10/ARE544/SUB54402,36.2899962,139.380015,イタリアン,17:00:00,24:00:00
PRE46/ARE143/SUB14301,31.5717035,130.4560699,居酒屋・バー,19:00:00,24:00:00
PRE02/ARE343/SUB34302,40.6059235,140.6796765,すし・魚料理,17:00:00,23:00:00
PRE28/ARE103/SUB10301,34.7227799,135.3718546,イタリアン,17:30:00,22:00:00
PRE14/ARE572/SUB57204,35.4907714,139.4511487,イタリアン,18:00:00,23:00:00
PRE46/ARE143/SUB14301,31.520832,130.5121015,ラーメン・麺類,18:00:00,20:45:00
PRE27/ARE611/SUB61103,34.5112939,135.5484453,和食・日本料理,18:00:00,23:00:00
PRE13/ARE4/SUB402,35.7359235,139.4874856,中華,17:00:00,23:00:00
PRE13/ARE24/SUB2404,35.7587353,139.7245165,中華,17:30:00,22:00:00
PRE14/ARE33/SUB3301,35.4653389,139.5874569,中華,17:00:00,24:00:00
PRE11/ARE50/SUB5002,35.9132279,139.4485622,カフェ・スイーツ,17:00:00,21:00:00
PRE09/ARE59/SUB5901,36.5373475,139.9091605,焼鳥・串料理,18:00:00,24:00:00
PRE19/ARE375/SUB8302,35.8532441,138.400814,丼もの・揚げ物,15:00:00,20:30:00
PRE28/ARE636/SUB10502,34.667092,134.9616712,居酒屋・バー,17:00:00,23:30:00
PRE41/ARE233/SUB23303,33.4288181,129.9844805,イタリアン,17:30:00,21:00:00
PRE27/ARE94/SUB9502,34.668899,135.5048634,お好み焼・粉物,17:30:00,27:00:00
PRE28/ARE101/SUB10103,34.6749549,135.0223429,焼鳥・串料理,17:00:00,23:30:00
PRE27/ARE627/SUB62702,34.6661434,135.4778744,すし・魚料理,17:00:00,23:00:00
PRE19/ARE259/SUB25901,35.4903734,138.7896096,和食・日本料理,17:00:00,22:00:00
PRE23/ARE74/SUB60601,34.9098913,136.8383386,和食・日本料理,17:30:00,21:00:00
PRE13/ARE666/SUB66601,35.747513,139.564444,カフェ・スイーツ,18:00:00,23:00:00
PRE13/ARE665/SUB2001,35.5951981,139.6708179,洋食・西洋料理,19:00:00,26:00:00
PRE27/ARE616/SUB61602,34.6999843,135.5412249,ラーメン・麺類,17:00:00,1:30:00
PRE18/ARE556/SUB55603,36.0919559,136.2994828,ラーメン・麺類,17:00:00,24:00:00
PRE23/ARE74/SUB60603,34.7834542,136.8694759,イタリアン,16:30:00,21:00:00
PRE46/ARE309/SUB30901,31.3988808,130.8698318,焼肉,18:00:00,23:30:00
PRE13/ARE15/SUB1503,35.6854545,139.775094,居酒屋・バー,18:00:00,3:00:00
PRE35/ARE229/SUB22901,33.9536,130.9356583,洋食・西洋料理,18:00:00,21:00:00
PRE35/ARE429/SUB42902,34.0160394,131.8629968,フレンチ,17:00:00,21:00:00
PRE13/ARE662/SUB66201,35.7389456,139.7018671,その他,17:00:00,21:00:00
PRE34/ARE285/SUB28502,34.400672,133.1810429,和食・日本料理,17:00:00,21:30:00
PRE11/ARE48/SUB4801,35.7875456,139.4613869,居酒屋・バー,17:00:00,23:00:00
PRE47/ARE267/SUB26704,26.3137927,127.8185091,居酒屋・バー,18:00:00,27:00:00
PRE14/ARE35/SUB3201,35.5073181,139.6147402,中華,17:00:00,22:00:00
PRE41/ARE233/SUB23301,33.2739364,129.8788997,中華,18:00:00,24:00:00
PRE23/ARE71/SUB60304,35.3714094,136.9679435,丼もの・揚げ物,17:00:00,21:00:00
PRE24/ARE250/SUB25001,34.997094,136.6462912,イタリアン,17:00:00,21:00:00
PRE44/ARE520/SUB52002,33.6247364,131.4857762,こだわりの肉料理,17:00:00,22:00:00
PRE47/ARE267/SUB26705,26.4278461,127.8215619,居酒屋・バー,16:00:00,24:00:00
PRE43/ARE142/SUB14201,32.7829898,130.7410744,カフェ・スイーツ,18:00:00,23:00:00
PRE11/ARE50/SUB5003,36.0796075,139.3586876,ラーメン・麺類,17:30:00,20:30:00
PRE41/ARE233/SUB23303,33.4217117,129.9985471,フレンチ,17:00:00,22:00:00
PRE28/ARE103/SUB10301,34.721842,135.3571838,丼もの・揚げ物,17:00:00,21:00:00
PRE11/ARE49/SUB48805,36.0193776,139.5953716,洋食・西洋料理,17:00:00,21:00:00
PRE28/ARE105/SUB10501,34.7991838,134.6392448,和食・日本料理,17:00:00,21:00:00
PRE46/ARE143/SUB14301,31.5885107,130.5534848,居酒屋・バー,20:00:00,27:00:00
PRE47/ARE144/SUB14403,26.2190819,127.6939389,郷土料理,18:00:00,27:00:00
PRE09/ARE542/SUB26903,37.0801597,140.0378574,焼肉,17:30:00,21:00:00
PRE23/ARE600/SUB7002,35.1214511,137.1769772,洋食・西洋料理,18:00:00,3:00:00
PRE27/ARE96/SUB9601,34.6831977,135.5142212,居酒屋・バー,17:00:00,22:30:00
PRE23/ARE69/SUB6902,35.2067448,136.9047422,洋食・西洋料理,17:30:00,22:30:00
PRE27/ARE92/SUB9202,34.6994434,135.5179009,焼肉,17:30:00,23:00:00
PRE13/ARE7/SUB703,35.6451588,139.6977203,居酒屋・バー,17:00:00,23:30:00
PRE13/ARE13/SUB704,35.6311726,139.7108091,居酒屋・バー,19:00:00,24:00:00
PRE13/ARE25/SUB2502,35.6399067,139.5608278,洋食・西洋料理,17:30:00,21:00:00
PRE47/ARE247/SUB24701,26.5972971,127.9636119,郷土料理,18:00:00,26:00:00
PRE21/ARE81/SUB8101,35.4137555,136.7855311,フレンチ,17:30:00,23:00:00
PRE13/ARE11/SUB1104,35.6919811,139.7584746,和食・日本料理,17:00:00,21:00:00
PRE27/ARE627/SUB62704,34.6162842,135.5314906,和食・日本料理,17:00:00,22:00:00
PRE13/ARE18/SUB1801,35.67092,139.7407097,焼肉,17:00:00,22:00:00
PRE13/ARE14/SUB1405,35.6568899,139.7326818,その他,18:00:00,21:00:00
PRE18/ARE556/SUB55603,36.1081215,136.2914125,イタリアン,18:00:00,24:00:00
PRE19/ARE374/SUB37405,35.6428891,138.6274327,居酒屋・バー,18:00:00,29:00:00
PRE13/ARE17/SUB1703,35.7165075,139.8579962,しゃぶしゃぶ・すき焼き,17:00:00,24:30:00
PRE19/ARE374/SUB37401,35.6849752,138.6931747,カフェ・スイーツ,17:30:00,21:00:00
PRE24/ARE234/SUB23401,34.4870134,136.7104392,洋食・西洋料理,17:30:00,19:30:00
PRE11/ARE54/SUB49405,35.828265,139.8173774,すし・魚料理,17:00:00,21:00:00
PRE29/ARE281/SUB28102,34.6437645,135.7740302,居酒屋・バー,18:00:00,23:00:00
PRE20/ARE273/SUB55902,36.3655041,137.8593032,丼もの・揚げ物,17:30:00,19:00:00
PRE08/ARE55/SUB36602,36.7436066,140.4887974,ラーメン・麺類,16:30:00,20:30:00
PRE14/ARE40/SUB4001,35.2346068,139.6134046,焼肉,17:00:00,22:00:00
PRE21/ARE382/SUB30201,35.4177879,137.0499063,焼肉,17:00:00,23:00:00
PRE21/ARE81/SUB8101,35.4172512,136.7531188,お好み焼・粉物,17:00:00,21:00:00
PRE14/ARE33/SUB3301,35.4446645,139.5973169,中華,17:00:00,24:00:00
PRE14/ARE30/SUB3002,35.2355921,138.997392,居酒屋・バー,17:00:00,0:00:00
PRE04/ARE158/SUB53103,38.2659969,140.8744003,焼肉,17:00:00,22:00:00
PRE44/ARE138/SUB13801,33.2410071,131.6051788,居酒屋・バー,20:00:00,27:00:00
PRE13/ARE662/SUB66201,35.7323665,139.7110893,居酒屋・バー,17:00:00,23:40:00
PRE08/ARE56/SUB36707,36.1513583,140.4279367,ラーメン・麺類,17:00:00,20:00:00
PRE28/ARE100/SUB10001,34.7130048,135.2376753,中華,18:00:00,21:00:00
PRE27/ARE85/SUB8502,34.8531329,135.6227887,焼肉,17:00:00,23:00:00
PRE23/ARE63/SUB6304,35.1662344,136.9138541,ラーメン・麺類,17:00:00,26:00:00
PRE44/ARE230/SUB23001,33.5955503,131.1961223,居酒屋・バー,17:00:00,24:00:00
PRE37/ARE251/SUB43503,34.2264989,133.7786755,焼肉,17:00:00,22:00:00
PRE13/ARE14/SUB1405,35.6553074,139.7443466,居酒屋・バー,18:00:00,24:30:00
PRE12/ARE42/SUB4102,35.8112097,139.9122539,焼肉,17:00:00,22:30:00
PRE09/ARE59/SUB5901,36.589701,139.924984,居酒屋・バー,17:00:00,24:00:00
PRE13/ARE14/SUB1405,35.6560573,139.7432988,イタリアン,18:00:00,24:30:00
PRE12/ARE460/SUB46002,35.7314951,140.3342516,中華,17:00:00,20:00:00
PRE13/ARE1/SUB106,35.6959402,139.6904009,居酒屋・バー,17:30:00,22:45:00
PRE13/ARE14/SUB1401,35.6644826,139.7391934,焼肉,17:30:00,21:00:00
PRE34/ARE285/SUB28502,34.2850128,133.1781622,お好み焼・粉物,17:00:00,20:00:00
PRE06/ARE289/SUB28901,37.9148699,140.1171635,アジア・エスニック,17:00:00,23:00:00
PRE13/ARE10/SUB1002,35.6790479,139.7780191,居酒屋・バー,17:00:00,23:00:00
PRE14/ARE37/SUB58502,35.5228474,139.7138761,居酒屋・バー,16:30:00,23:00:00
PRE38/ARE145/SUB14501,33.8390805,132.7693344,その他,18:00:00,25:00:00
PRE47/ARE144/SUB14406,26.225027,127.678856,郷土料理,18:00:00,24:00:00
PRE26/ARE114/SUB11402,35.0211574,135.7009285,焼肉,17:00:00,24:00:00
PRE05/ARE160/SUB16001,39.7255944,140.1123253,中華,17:30:00,22:00:00
PRE40/ARE134/SUB13401,33.7262332,130.9727154,その他,17:00:00,21:30:00
PRE03/ARE161/SUB16101,39.7237455,141.1306732,洋食・西洋料理,17:00:00,21:00:00
PRE28/ARE636/SUB63602,34.8045479,134.9820799,丼もの・揚げ物,0:00:00,0:00:00
PRE10/ARE544/SUB6003,36.3780079,139.2401028,丼もの・揚げ物,17:00:00,24:00:00
PRE19/ARE259/SUB37202,35.425153,138.623098,フレンチ,18:00:00,21:00:00
PRE13/ARE14/SUB1405,35.6566212,139.7336275,焼肉,19:00:00,23:00:00
PRE13/ARE12/SUB1206,35.7027689,139.6365247,イタリアン,17:00:00,23:00:00
PRE27/ARE613/SUB61303,34.38946,135.32986,ビュッフェ・バイキング,17:30:00,21:30:00
PRE12/ARE42/SUB4201,35.6822857,139.916156,ラーメン・麺類,17:30:00,20:00:00
PRE42/ARE139/SUB13901,32.7682476,129.8498145,焼肉,17:00:00,23:00:00
PRE13/ARE2/SUB201,35.6701316,139.760137,焼肉,17:00:00,23:00:00
PRE12/ARE45/SUB4501,35.6118666,140.1132898,居酒屋・バー,17:00:00,23:00:00
PRE13/ARE2/SUB201,35.6698016,139.7662186,フレンチ,17:30:00,22:00:00
PRE13/ARE14/SUB1405,35.6536422,139.7350453,和食・日本料理,0:00:00,0:00:00
PRE38/ARE145/SUB14501,33.8336236,132.7571791,中華,17:00:00,22:00:00
PRE33/ARE153/SUB15301,34.6636188,133.9296147,カフェ・スイーツ,17:00:00,23:00:00
PRE13/ARE14/SUB1405,35.6568763,139.7336461,アジア・エスニック,0:00:00,0:00:00
PRE13/ARE16/SUB1302,35.642717,139.7482028,焼肉,17:00:00,23:30:00
PRE13/ARE14/SUB1401,35.6633211,139.7344905,すし・魚料理,17:00:00,5:00:00
PRE03/ARE161/SUB16101,39.7032377,141.1363557,居酒屋・バー,17:00:00,23:00:00
PRE27/ARE89/SUB8905,34.7085458,135.4982201,郷土料理,17:00:00,23:00:00
PRE27/ARE91/SUB9102,34.6823208,135.496384,お好み焼・粉物,17:00:00,23:00:00
PRE13/ARE25/SUB2502,35.6499961,139.5435824,ビュッフェ・バイキング,17:00:00,24:00:00
PRE09/ARE238/SUB23802,36.3408993,139.8474777,ラーメン・麺類,17:00:00,20:00:00
PRE42/ARE236/SUB23601,33.1654909,129.7261325,洋食・西洋料理,17:00:00,22:00:00
PRE27/ARE94/SUB62310,34.6701395,135.4997331,和食・日本料理,17:30:00,25:00:00
PRE40/ARE122/SUB12301,33.589136,130.3956058,居酒屋・バー,17:00:00,2:00:00
PRE27/ARE89/SUB8905,34.7063266,135.4988598,居酒屋・バー,18:00:00,24:00:00
PRE26/ARE116/SUB11504,35.0401698,135.7710731,ラーメン・麺類,17:30:00,22:00:00
PRE13/ARE14/SUB1405,35.6585817,139.7403871,焼肉,19:00:00,23:00:00
PRE13/ARE18/SUB1802,35.6809567,139.7416382,焼鳥・串料理,17:00:00,23:00:00
PRE13/ARE15/SUB1504,35.6775048,139.7626681,鍋,17:00:00,23:00:00
PRE24/ARE250/SUB25002,35.0664602,136.6289281,アジア・エスニック,17:00:00,22:30:00
PRE18/ARE556/SUB15401,36.0780572,136.2397074,ラーメン・麺類,17:00:00,22:00:00
PRE43/ARE253/SUB25301,32.4666756,130.2014038,中華,17:00:00,21:00:00
PRE28/ARE105/SUB10501,34.8303602,134.6917522,居酒屋・バー,17:00:00,23:00:00
PRE27/ARE627/SUB62705,34.6364131,135.4948633,居酒屋・バー,17:00:00,26:00:00
PRE24/ARE250/SUB25002,35.082353,136.6125988,洋食・西洋料理,11:00:00,24:00:00
PRE14/ARE37/SUB58506,35.6322533,139.5361375,アジア・エスニック,17:00:00,23:00:00
PRE45/ARE141/SUB14101,31.9164928,131.4226638,中華,17:30:00,21:00:00
PRE13/ARE14/SUB1405,35.655693,139.7339166,居酒屋・バー,17:00:00,27:00:00
PRE27/ARE94/SUB9401,34.6734038,135.5059903,焼肉,17:00:00,24:00:00
PRE13/ARE13/SUB1303,35.6240826,139.7232326,焼肉,17:00:00,24:00:00
PRE13/ARE5/SUB504,35.7370146,139.748989,ラーメン・麺類,18:00:00,22:00:00
PRE27/ARE92/SUB62105,34.7087234,135.5118953,居酒屋・バー,17:00:00,23:00:00
PRE11/ARE54/SUB5401,35.9233323,139.7779488,お好み焼・粉物,16:00:00,24:00:00
PRE04/ARE158/SUB53103,38.2634604,140.8720191,和食・日本料理,17:00:00,24:00:00
PRE13/ARE8/SUB806,35.6594796,139.6982898,カフェ・スイーツ,15:00:00,23:00:00
PRE13/ARE1/SUB102,35.6812531,139.6912772,フレンチ,18:00:00,20:30:00
PRE46/ARE143/SUB14301,31.5931522,130.5594388,イタリアン,17:30:00,23:00:00
PRE21/ARE382/SUB38203,35.4443563,137.0182038,居酒屋・バー,18:00:00,24:00:00
PRE04/ARE158/SUB53103,38.263593,140.8716597,居酒屋・バー,17:00:00,24:00:00
PRE27/ARE91/SUB9103,34.6911893,135.4868572,不明,18:00:00,22:00:00
PRE20/ARE273/SUB55904,36.1121235,137.9510322,ラーメン・麺類,18:00:00,23:00:00
PRE40/ARE129/SUB12903,33.5551356,130.4141022,イタリアン,17:00:00,23:00:00
PRE13/ARE23/SUB2301,35.6700773,139.7038836,焼肉,18:00:00,23:30:00
PRE23/ARE74/SUB60604,34.8974308,136.9141902,アジア・エスニック,17:00:00,22:30:00
PRE01/ARE446/SUB26101,43.1838996,141.0234389,イタリアン,17:00:00,23:00:00
PRE27/ARE91/SUB9104,34.6910336,135.5062815,居酒屋・バー,16:00:00,23:30:00
PRE27/ARE616/SUB61601,34.7182643,135.5305406,アジア・エスニック,17:00:00,22:00:00
PRE14/ARE28/SUB2803,35.5712841,139.3403137,中華,17:00:00,24:00:00
PRE45/ARE270/SUB27002,31.7289265,131.0736065,洋食・西洋料理,17:00:00,22:30:00
PRE28/ARE98/SUB9801,34.696871,135.1922404,居酒屋・バー,17:30:00,27:00:00
PRE28/ARE101/SUB10102,34.6332737,135.0591797,丼もの・揚げ物,17:00:00,20:00:00
PRE14/ARE38/SUB3801,35.4674837,139.6211904,居酒屋・バー,17:00:00,23:30:00
PRE44/ARE520/SUB52001,33.371636,131.5298755,居酒屋・バー,17:30:00,22:00:00
PRE11/ARE54/SUB5404,35.824292,139.875747,カフェ・スイーツ,17:30:00,22:00:00
PRE34/ARE248/SUB56704,34.3707553,132.5295578,居酒屋・バー,17:00:00,24:00:00
PRE11/ARE52/SUB5201,35.813925,139.7016876,焼肉,17:00:00,24:00:00
PRE13/ARE11/SUB1103,35.7052315,139.7607934,イタリアン,17:30:00,24:00:00
PRE23/ARE61/SUB6101,35.1716259,136.8863109,アジア・エスニック,17:00:00,22:00:00
PRE11/ARE54/SUB5401,35.9293221,139.7773284,イタリアン,17:30:00,21:30:00
PRE20/ARE298/SUB56004,35.6635766,137.8978892,フレンチ,18:00:00,22:30:00
PRE08/ARE58/SUB37002,35.9646732,140.6478535,イタリアン,18:00:00,3:00:00
PRE47/ARE267/SUB26701,26.4307233,127.7827667,居酒屋・バー,18:00:00,24:00:00
PRE13/ARE662/SUB66202,35.7285287,139.7174462,イタリアン,18:00:00,23:00:00
PRE28/ARE106/SUB10601,34.4432468,134.912604,アジア・エスニック,17:00:00,22:30:00
PRE12/ARE43/SUB4302,35.6654779,139.8942668,焼鳥・串料理,17:00:00,1:00:00
PRE13/ARE10/SUB1004,35.6648797,139.8608988,居酒屋・バー,17:00:00,5:00:00
PRE28/ARE105/SUB10503,34.7465407,134.867772,イタリアン,17:00:00,23:00:00
PRE32/ARE151/SUB15101,35.4446905,133.0803151,和食・日本料理,17:30:00,21:00:00
PRE16/ARE156/SUB15601,36.6819003,137.20221,焼肉,17:00:00,22:00:00
PRE13/ARE14/SUB1405,35.6562754,139.7343787,居酒屋・バー,17:00:00,24:00:00
PRE13/ARE14/SUB1405,35.6555122,139.7338575,イタリアン,18:00:00,21:30:00
PRE01/ARE261/SUB44505,43.5568088,141.9129393,フレンチ,17:30:00,21:30:00
PRE13/ARE22/SUB107,35.6804677,139.6870393,イタリアン,19:00:00,24:00:00
PRE13/ARE14/SUB1405,35.6579656,139.7434746,居酒屋・バー,17:00:00,24:00:00
PRE13/ARE14/SUB1405,35.6607376,139.7369247,和食・日本料理,17:00:00,23:00:00
PRE13/ARE14/SUB1405,35.6564754,139.7354141,焼肉,17:00:00,23:30:00
PRE14/ARE29/SUB2901,35.3967697,139.3112352,イタリアン,18:00:00,21:30:00
PRE28/ARE101/SUB10102,34.6313602,135.0388079,中華,17:00:00,21:00:00
PRE01/ARE261/SUB44506,42.5185821,142.031448,イタリアン,18:00:00,22:00:00
PRE34/ARE152/SUB56607,34.3867293,132.4956494,焼肉,17:00:00,24:00:00
PRE40/ARE124/SUB12302,33.5821708,130.3880017,すし・魚料理,18:00:00,22:30:00
PRE27/ARE85/SUB8403,34.7606619,135.473044,居酒屋・バー,17:00:00,22:00:00
PRE14/ARE36/SUB3602,35.369189,139.5827953,その他,17:00:00,22:00:00
PRE01/ARE271/SUB27101,43.770181,142.390394,居酒屋・バー,18:00:00,24:00:00
PRE40/ARE127/SUB12801,33.6037143,130.4022319,鍋,17:00:00,21:30:00
PRE15/ARE157/SUB15701,37.9235858,139.045929,居酒屋・バー,17:00:00,24:00:00
PRE34/ARE248/SUB24803,34.4174675,132.7432599,お好み焼・粉物,18:00:00,21:30:00
PRE46/ARE356/SUB35602,31.9262919,130.7284507,和食・日本料理,18:00:00,22:00:00
PRE14/ARE586/SUB3702,35.5076009,139.6789583,居酒屋・バー,17:00:00,25:00:00
PRE17/ARE155/SUB15501,36.5744004,136.6460256,居酒屋・バー,17:00:00,26:00:00
PRE27/ARE94/SUB9501,34.6608692,135.4975359,居酒屋・バー,17:00:00,26:00:00
PRE37/ARE436/SUB43602,34.0982193,133.6592389,居酒屋・バー,17:00:00,22:00:00
PRE37/ARE146/SUB14601,34.338655,134.1393154,和食・日本料理,17:30:00,22:00:00
PRE13/ARE14/SUB1405,35.6588656,139.74251,イタリアン,17:30:00,24:00:00
PRE13/ARE6/SUB604,35.7009304,139.7395199,中華,17:30:00,22:30:00
PRE40/ARE122/SUB12201,33.5920111,130.3991275,和食・日本料理,18:00:00,24:00:00
PRE09/ARE238/SUB23801,36.3055805,139.5784108,イタリアン,17:30:00,22:00:00
PRE13/ARE14/SUB1405,35.6566104,139.7343373,和食・日本料理,17:30:00,23:30:00
PRE13/ARE663/SUB1202,35.7009404,139.5786916,和食・日本料理,17:00:00,23:00:00
PRE13/ARE662/SUB66201,35.7352314,139.7089882,中華,17:00:00,24:00:00
PRE11/ARE54/SUB5402,35.8300616,139.8050033,すし・魚料理,18:00:00,23:00:00
PRE13/ARE26/SUB2602,35.733296,139.6676952,しゃぶしゃぶ・すき焼き,16:00:00,24:00:00
PRE25/ARE266/SUB41201,35.0978476,136.2278223,居酒屋・バー,17:30:00,24:00:00
PRE13/ARE11/SUB1103,35.6968065,139.7693507,アジア・エスニック,17:00:00,23:00:00
PRE15/ARE500/SUB50004,37.0922627,138.8906334,ラーメン・麺類,17:30:00,20:00:00
PRE15/ARE500/SUB50002,37.1346078,138.7585544,ラーメン・麺類,17:00:00,22:30:00
PRE12/ARE46/SUB4601,35.5410085,140.1925719,洋食・西洋料理,17:30:00,22:00:00
PRE12/ARE42/SUB4201,35.6841333,139.9134231,焼肉,17:00:00,2:00:00
PRE46/ARE143/SUB14301,31.5617629,130.5630913,洋食・西洋料理,17:00:00,21:00:00
PRE47/ARE275/SUB27501,24.3338677,124.1707974,丼もの・揚げ物,17:30:00,23:00:00
PRE28/ARE98/SUB9801,34.6938919,135.189252,居酒屋・バー,17:30:00,24:00:00
PRE13/ARE6/SUB603,35.6802841,139.7358972,和食・日本料理,17:00:00,22:00:00
PRE11/ARE49/SUB48808,36.0890732,139.7110706,和食・日本料理,17:30:00,22:00:00
PRE11/ARE53/SUB5303,35.8842343,139.6382808,居酒屋・バー,16:00:00,23:00:00
PRE41/ARE140/SUB14001,33.3239385,130.2676917,洋食・西洋料理,18:00:00,22:00:00
PRE13/ARE14/SUB1405,35.6550929,139.7347369,こだわりの肉料理,17:00:00,22:30:00
PRE27/ARE85/SUB8403,34.763863,135.4725044,和食・日本料理,17:00:00,22:30:00
PRE32/ARE277/SUB27701,34.9021492,132.0889942,ラーメン・麺類,17:00:00,26:00:00
PRE14/ARE39/SUB3902,35.4465067,139.6383341,居酒屋・バー,17:30:00,24:00:00
PRE13/ARE9/SUB902,35.7178195,139.7963434,すし・魚料理,17:00:00,22:00:00
PRE04/ARE272/SUB53402,38.2901756,141.0093567,アジア・エスニック,17:00:00,21:00:00
PRE12/ARE454/SUB45401,35.8385205,139.9049757,居酒屋・バー,17:00:00,23:00:00
PRE13/ARE9/SUB901,35.7154782,139.7827846,和食・日本料理,17:30:00,21:30:00
PRE14/ARE35/SUB3501,35.5513288,139.6162533,ラーメン・麺類,18:00:00,24:45:00
PRE14/ARE37/SUB58506,35.6176062,139.5662668,中華,17:00:00,24:00:00
PRE13/ARE23/SUB2301,35.6711181,139.7081278,イタリアン,17:00:00,24:00:00
PRE13/ARE10/SUB1001,35.6906809,139.7788714,居酒屋・バー,16:30:00,23:30:00
PRE13/ARE11/SUB1102,35.6973443,139.7767812,焼肉,17:00:00,23:30:00
PRE13/ARE14/SUB1405,35.6548437,139.7360118,フレンチ,18:00:00,23:00:00
PRE13/ARE15/SUB1504,35.6785457,139.7649464,居酒屋・バー,17:30:00,23:00:00
PRE42/ARE236/SUB23602,33.3425065,129.7063895,すし・魚料理,17:00:00,21:00:00
PRE47/ARE144/SUB14402,26.2150479,127.6838485,居酒屋・バー,17:00:00,24:00:00
PRE22/ARE327/SUB32702,35.2012659,138.8832504,フレンチ,18:00:00,22:00:00
PRE06/ARE162/SUB16201,38.1921043,140.2907841,焼肉,17:30:00,22:00:00
PRE27/ARE92/SUB9203,34.6887913,135.5167945,ラーメン・麺類,17:00:00,23:00:00
PRE12/ARE42/SUB4201,35.6957268,139.9270965,イタリアン,18:00:00,23:00:00
PRE10/ARE60/SUB6001,36.4249761,139.0543216,カフェ・スイーツ,18:30:00,21:30:00
PRE40/ARE127/SUB12801,33.5973208,130.41237,イタリアン,18:00:00,2:00:00
PRE20/ARE227/SUB55803,36.2854798,138.4787725,中華,17:00:00,24:00:00
PRE14/ARE34/SUB3404,35.3529614,139.5340355,居酒屋・バー,17:00:00,23:00:00
PRE23/ARE601/SUB7003,34.978474,137.1627108,焼肉,17:00:00,24:00:00
PRE42/ARE507/SUB50702,32.7261365,130.2047907,イタリアン,18:00:00,23:00:00
PRE13/ARE12/SUB1206,35.7015501,139.6366915,洋食・西洋料理,17:30:00,22:00:00
PRE10/ARE547/SUB54701,36.6649417,139.113179,洋食・西洋料理,17:00:00,21:30:00
PRE44/ARE230/SUB23003,33.3179135,130.9356477,焼肉,18:00:00,23:00:00
PRE14/ARE572/SUB57205,35.5152622,139.4204517,洋食・西洋料理,17:30:00,22:00:00
PRE13/ARE6/SUB604,35.7008709,139.7422486,居酒屋・バー,17:00:00,23:30:00
PRE42/ARE236/SUB23601,33.1679766,129.7221042,居酒屋・バー,21:00:00,3:00:00
PRE13/ARE19/SUB1903,35.5560401,139.7189678,丼もの・揚げ物,17:30:00,23:00:00
PRE01/ARE291/SUB29102,43.8003822,143.8556136,ラーメン・麺類,17:00:00,19:30:00
PRE13/ARE14/SUB1401,35.6649927,139.732212,居酒屋・バー,18:00:00,24:00:00
PRE34/ARE285/SUB28501,34.4843523,133.3668199,アジア・エスニック,17:30:00,22:30:00
PRE28/ARE98/SUB9801,34.6942485,135.1892639,フレンチ,18:00:00,22:00:00
PRE11/ARE49/SUB4903,36.0687167,139.6697208,すし・魚料理,17:30:00,22:00:00
PRE13/ARE661/SUB108,35.7091825,139.7030251,イタリアン,17:00:00,22:00:00
PRE26/ARE485/SUB48503,35.5372819,135.1944288,ラーメン・麺類,17:20:00,20:45:00
PRE13/ARE12/SUB1201,35.7065366,139.682583,焼肉,17:00:00,24:00:00
PRE13/ARE662/SUB66202,35.7290404,139.7127925,居酒屋・バー,16:00:00,5:00:00
PRE21/ARE380/SUB38008,35.3340694,136.6589866,洋食・西洋料理,17:00:00,20:30:00
PRE13/ARE24/SUB2402,35.7699079,139.6448473,イタリアン,18:00:00,22:00:00
PRE15/ARE157/SUB49502,37.9235147,139.0443564,焼肉,17:00:00,27:00:00
PRE01/ARE164/SUB43803,43.0713518,141.3528187,居酒屋・バー,17:00:00,24:00:00
PRE35/ARE429/SUB42902,34.0077028,131.867334,居酒屋・バー,17:00:00,23:00:00
PRE33/ARE239/SUB23901,34.570022,133.7594389,鍋,17:00:00,24:00:00
PRE47/ARE275/SUB27501,24.3330406,123.9527993,すし・魚料理,18:00:00,22:00:00
PRE28/ARE103/SUB10301,34.7190417,135.3752327,居酒屋・バー,17:00:00,23:00:00
PRE13/ARE20/SUB2006,35.6499142,139.6823723,洋食・西洋料理,18:00:00,26:00:00
PRE40/ARE132/SUB13201,33.6688366,130.4431372,ラーメン・麺類,17:00:00,23:00:00
PRE13/ARE14/SUB1405,35.6564694,139.7354322,焼肉,18:30:00,23:00:00
PRE12/ARE45/SUB4501,35.6116315,140.1120351,その他,18:00:00,22:30:00
PRE22/ARE79/SUB7901,34.7150564,137.7328557,和食・日本料理,17:30:00,21:00:00
PRE28/ARE101/SUB10102,34.6626862,135.0726064,ラーメン・麺類,17:30:00,23:00:00
PRE22/ARE79/SUB7901,34.713638,137.7307145,アジア・エスニック,17:00:00,22:00:00
PRE07/ARE163/SUB16302,37.3974383,140.3870432,焼肉,15:00:00,23:00:00
PRE12/ARE42/SUB4102,35.8244808,139.9092634,すし・魚料理,17:00:00,22:00:00
PRE13/ARE663/SUB1205,35.7050568,139.622389,丼もの・揚げ物,17:00:00,22:00:00
PRE23/ARE71/SUB7101,35.3015864,136.7995374,中華,18:00:00,2:00:00
PRE26/ARE112/SUB11201,35.0024721,135.7755224,イタリアン,18:00:00,23:00:00
PRE14/ARE37/SUB3101,35.6062678,139.6194195,イタリアン,18:00:00,22:00:00
PRE43/ARE142/SUB14201,32.7663431,130.719733,洋食・西洋料理,18:30:00,21:00:00
PRE18/ARE556/SUB15401,36.0598961,136.2205954,カフェ・スイーツ,18:00:00,24:00:00
PRE22/ARE336/SUB7902,34.7281669,137.8683976,しゃぶしゃぶ・すき焼き,16:00:00,24:00:00
PRE13/ARE14/SUB1405,35.6479411,139.7368249,焼鳥・串料理,16:30:00,23:50:00
PRE27/ARE611/SUB61102,34.5097928,135.6014797,すし・魚料理,17:00:00,23:00:00
PRE43/ARE142/SUB14201,32.7929916,130.7175812,ラーメン・麺類,18:00:00,21:00:00
PRE01/ARE261/SUB44502,43.1113903,141.5568087,フレンチ,17:30:00,23:00:00
PRE36/ARE148/SUB14801,34.0676428,134.5493486,中華,18:00:00,4:00:00
PRE13/ARE2/SUB204,35.6723049,139.7743335,和食・日本料理,17:00:00,24:00:00
PRE27/ARE86/SUB61002,34.8210762,135.6640739,ラーメン・麺類,17:00:00,22:00:00
PRE25/ARE295/SUB29501,35.0037139,135.9491995,居酒屋・バー,17:30:00,22:00:00
PRE01/ARE164/SUB43803,43.0641854,141.3515363,鍋,17:00:00,23:00:00
PRE37/ARE146/SUB14601,34.3266257,134.0470308,お好み焼・粉物,17:00:00,20:30:00
PRE14/ARE34/SUB31303,35.33098,139.3497757,イタリアン,17:00:00,22:30:00
PRE27/ARE94/SUB9501,34.6616,135.502,こだわりの肉料理,18:00:00,23:30:00
PRE13/ARE13/SUB1303,35.6265015,139.7213529,お好み焼・粉物,17:00:00,24:00:00
PRE11/ARE52/SUB5203,35.8160207,139.6545151,アジア・エスニック,17:00:00,22:30:00
PRE13/ARE6/SUB602,35.6991897,139.7493365,和食・日本料理,17:30:00,23:00:00
PRE22/ARE330/SUB33001,35.0226538,138.4882524,居酒屋・バー,17:00:00,2:00:00
PRE39/ARE147/SUB14701,33.5606167,133.5357221,こだわりの肉料理,17:00:00,22:00:00
PRE25/ARE411/SUB41101,35.3588022,136.0469182,和食・日本料理,17:00:00,20:00:00
PRE34/ARE285/SUB28502,34.4100559,133.1790318,丼もの・揚げ物,17:00:00,22:00:00
PRE13/ARE2/SUB204,35.6715071,139.7731743,アジア・エスニック,17:30:00,22:30:00
PRE13/ARE14/SUB1405,35.6604421,139.7391969,イタリアン,18:00:00,22:30:00
PRE27/ARE91/SUB9102,34.6851733,135.4986934,フレンチ,17:30:00,23:00:00
PRE13/ARE14/SUB1405,35.6479744,139.7358787,すし・魚料理,18:00:00,22:30:00
PRE24/ARE406/SUB40601,34.7665809,136.1347438,アジア・エスニック,17:00:00,22:00:00
PRE21/ARE382/SUB38206,35.4342787,137.1242,その他,18:00:00,22:00:00
PRE12/ARE41/SUB4101,35.8667937,139.9420035,中華,17:00:00,23:00:00
PRE27/ARE85/SUB8403,34.7494476,135.4758928,アジア・エスニック,17:00:00,23:00:00
PRE27/ARE618/SUB8903,34.696485,135.4987716,和食・日本料理,17:00:00,1:00:00
PRE43/ARE142/SUB14201,32.8020138,130.7078806,ラーメン・麺類,18:00:00,27:00:00
PRE13/ARE8/SUB805,35.6560218,139.7064439,居酒屋・バー,17:00:00,22:00:00
PRE27/ARE97/SUB9701,34.6463939,135.5106752,居酒屋・バー,0:00:00,0:00:00
PRE27/ARE86/SUB8604,34.6640872,135.5617743,居酒屋・バー,17:00:00,25:00:00
PRE13/ARE17/SUB1705,35.6894935,139.8331998,不明,16:00:00,0:00:00
PRE22/ARE78/SUB32908,34.9514263,138.3641073,不明,17:00:00,22:00:00
PRE13/ARE14/SUB1405,35.657086,139.7323915,その他,17:00:00,23:30:00
PRE13/ARE1/SUB112,35.6924775,139.6995772,こだわりの肉料理,17:00:00,23:00:00
PRE13/ARE19/SUB1905,35.5709749,139.6860583,居酒屋・バー,17:00:00,25:00:00
PRE35/ARE229/SUB22901,34.0056928,130.9250566,イタリアン,18:00:00,22:00:00
PRE13/ARE17/SUB1704,35.6868497,139.7992335,イタリアン,18:00:00,23:00:00
PRE03/ARE363/SUB25702,39.3621943,141.9038707,丼もの・揚げ物,17:00:00,20:30:00
PRE13/ARE25/SUB2502,35.6517861,139.5447809,焼肉,15:00:00,23:00:00
PRE01/ARE164/SUB16401,43.0563451,141.3215882,居酒屋・バー,17:00:00,24:00:00
PRE17/ARE155/SUB15501,36.5392614,136.6817237,焼肉,17:00:00,23:00:00
PRE22/ARE78/SUB7801,34.9732976,138.3853789,アジア・エスニック,17:00:00,23:00:00
PRE12/ARE45/SUB4501,35.6085817,140.1093025,和食・日本料理,17:00:00,24:00:00
PRE24/ARE250/SUB25001,34.9702449,136.6193182,焼肉,18:00:00,2:00:00
PRE20/ARE298/SUB29801,36.0480016,138.1146093,中華,17:30:00,23:00:00
PRE01/ARE164/SUB43804,43.0553456,141.354025,居酒屋・バー,17:00:00,4:00:00
PRE11/ARE52/SUB5201,35.8061402,139.7000421,アジア・エスニック,17:00:00,23:00:00
PRE13/ARE3/SUB301,35.6966537,139.4177271,居酒屋・バー,16:00:00,24:00:00
PRE11/ARE50/SUB5002,35.9136569,139.4828016,居酒屋・バー,17:00:00,23:00:00
PRE13/ARE6/SUB601,35.7049523,139.7556024,居酒屋・バー,17:00:00,23:00:00
PRE15/ARE157/SUB15701,37.9102726,139.0636632,居酒屋・バー,17:00:00,23:30:00
PRE13/ARE14/SUB1405,35.6550518,139.7367192,フレンチ,17:30:00,23:30:00
PRE14/ARE37/SUB3701,35.529564,139.69947,イタリアン,16:00:00,25:00:00
PRE11/ARE50/SUB5002,35.906999,139.481148,居酒屋・バー,16:00:00,24:00:00
PRE23/ARE62/SUB6202,35.171042,136.900518,居酒屋・バー,17:00:00,23:00:00
PRE20/ARE298/SUB56006,36.0566025,138.2822998,フレンチ,17:30:00,22:00:00
PRE13/ARE25/SUB2501,35.6727519,139.4814634,居酒屋・バー,16:30:00,23:30:00
PRE01/ARE164/SUB43803,43.0663861,141.3543741,居酒屋・バー,17:00:00,23:00:00
PRE11/ARE49/SUB4904,36.1151505,139.628115,丼もの・揚げ物,16:00:00,20:00:00
PRE13/ARE14/SUB1405,35.660614,139.7377699,焼肉,19:00:00,21:00:00
PRE40/ARE124/SUB12302,33.5928987,130.3932411,鍋,16:30:00,24:00:00
PRE13/ARE2/SUB202,35.6734526,139.7612342,イタリアン,17:00:00,23:30:00
PRE13/ARE22/SUB2208,35.6757489,139.643283,焼鳥・串料理,17:00:00,1:00:00
PRE14/ARE39/SUB3902,35.4451849,139.6360439,居酒屋・バー,16:30:00,24:00:00
PRE13/ARE12/SUB1201,35.7049571,139.6644632,郷土料理,18:00:00,24:00:00
PRE20/ARE273/SUB27301,36.2270646,137.9687801,焼肉,17:00:00,23:00:00
PRE45/ARE141/SUB14101,31.914814,131.4234134,居酒屋・バー,18:00:00,23:00:00
PRE14/ARE33/SUB57802,35.4548638,139.6036684,洋食・西洋料理,17:30:00,23:00:00
PRE13/ARE19/SUB1903,35.5604221,139.7137434,居酒屋・バー,17:30:00,24:00:00
PRE13/ARE2/SUB1601,35.6671113,139.7563274,居酒屋・バー,16:00:00,29:00:00
PRE13/ARE665/SUB2001,35.6072912,139.6679246,フレンチ,18:00:00,22:00:00
PRE13/ARE4/SUB402,35.6993752,139.4810683,居酒屋・バー,15:00:00,24:00:00
PRE13/ARE11/SUB1104,35.6953999,139.7576929,焼肉,17:00:00,23:00:00
PRE14/ARE39/SUB3902,35.4416141,139.6369417,不明,17:00:00,21:00:00
PRE13/ARE14/SUB1405,35.6564763,139.7333829,鍋,17:00:00,20:00:00
PRE14/ARE37/SUB58505,35.614401,139.5313058,フレンチ,18:00:00,22:00:00
PRE33/ARE153/SUB15301,34.6671272,133.9230371,ラーメン・麺類,18:00:00,21:00:00
PRE13/ARE14/SUB1405,35.6559119,139.7334434,フレンチ,17:30:00,23:00:00
PRE46/ARE287/SUB25401,28.3995934,129.5225185,焼肉,17:30:00,22:00:00
PRE14/ARE34/SUB31301,35.3368734,139.488275,焼肉,17:00:00,23:00:00
PRE13/ARE1/SUB101,35.6943987,139.703924,ラーメン・麺類,17:00:00,6:00:00
PRE34/ARE152/SUB56606,34.3973075,132.4677523,フレンチ,17:30:00,24:00:00
PRE13/ARE664/SUB2205,35.6507428,139.6355774,焼鳥・串料理,16:00:00,2:00:00
PRE27/ARE92/SUB62105,34.705207,135.5110722,居酒屋・バー,17:30:00,24:00:00
PRE13/ARE14/SUB1405,35.6482105,139.7369758,その他,17:00:00,22:30:00
PRE13/ARE662/SUB66202,35.7305043,139.7164412,しゃぶしゃぶ・すき焼き,16:00:00,23:30:00
PRE13/ARE662/SUB66201,35.7336644,139.7098692,焼肉,17:30:00,22:00:00
PRE12/ARE463/SUB4602,35.4280704,139.931153,カフェ・スイーツ,17:00:00,22:00:00
PRE40/ARE124/SUB12404,33.5779174,130.4040481,居酒屋・バー,18:00:00,24:00:00
PRE28/ARE98/SUB9802,34.6888414,135.1884786,ラーメン・麺類,17:00:00,21:00:00
PRE47/ARE144/SUB14402,26.2173063,127.6811146,丼もの・揚げ物,17:00:00,21:00:00
PRE13/ARE2/SUB201,35.6685533,139.7634756,和食・日本料理,18:00:00,22:00:00
PRE11/ARE50/SUB5001,35.8284922,139.6088702,イタリアン,17:00:00,22:00:00
PRE13/ARE8/SUB805,35.6571847,139.7030928,イタリアン,17:00:00,23:30:00
PRE13/ARE662/SUB66202,35.7321621,139.7138113,ラーメン・麺類,18:00:00,22:00:00
PRE27/ARE616/SUB61602,34.7029045,135.5626355,しゃぶしゃぶ・すき焼き,16:00:00,24:00:00
PRE01/ARE164/SUB43802,43.0583327,141.3439525,ビュッフェ・バイキング,17:00:00,22:30:00
PRE12/ARE45/SUB4501,35.6099022,140.1177788,焼鳥・串料理,17:00:00,2:00:00
PRE13/ARE22/SUB2203,35.6673556,139.6492913,居酒屋・バー,17:00:00,24:00:00
PRE13/ARE7/SUB701,35.6456692,139.7072936,焼鳥・串料理,18:00:00,23:00:00
PRE03/ARE161/SUB16101,39.7022177,141.137539,居酒屋・バー,16:00:00,23:00:00
PRE40/ARE122/SUB12201,33.5890903,130.3988223,ビュッフェ・バイキング,18:00:00,23:00:00
PRE11/ARE54/SUB5401,35.8674572,139.7984566,洋食・西洋料理,17:00:00,22:30:00
PRE04/ARE158/SUB53103,38.269412,140.8739277,居酒屋・バー,17:00:00,23:00:00
PRE22/ARE331/SUB7802,34.850541,138.2527093,居酒屋・バー,17:30:00,24:00:00
PRE01/ARE164/SUB43802,43.0631165,141.3556488,フレンチ,17:00:00,21:00:00
PRE20/ARE227/SUB22701,36.3896597,138.2122786,焼肉,17:00:00,24:00:00
PRE27/ARE627/SUB62704,34.6086407,135.5707031,アジア・エスニック,17:00:00,23:00:00
PRE13/ARE9/SUB902,35.7055858,139.7933283,中華,17:00:00,23:30:00
PRE13/ARE24/SUB2401,35.7635276,139.6787342,中華,18:00:00,23:00:00
PRE13/ARE14/SUB1405,35.6490565,139.7229333,イタリアン,18:00:00,23:00:00
PRE13/ARE14/SUB1405,35.655913,139.735378,居酒屋・バー,17:00:00,23:30:00
PRE40/ARE137/SUB13701,33.8073454,130.570327,フレンチ,18:00:00,22:00:00
PRE27/ARE90/SUB61903,34.6778967,135.5357128,丼もの・揚げ物,19:00:00,22:30:00
PRE22/ARE322/SUB32203,34.6961919,138.9732841,ビュッフェ・バイキング,17:30:00,21:00:00
PRE40/ARE125/SUB12502,33.5782926,130.3774985,焼鳥・串料理,17:00:00,24:00:00
PRE13/ARE6/SUB602,35.6997922,139.7472788,居酒屋・バー,17:00:00,22:00:00
PRE12/ARE41/SUB4101,35.8169907,139.9673555,洋食・西洋料理,17:00:00,22:00:00
PRE11/ARE54/SUB5401,35.8928813,139.7962665,居酒屋・バー,18:00:00,2:00:00
PRE34/ARE152/SUB56607,34.4001073,132.4858374,和食・日本料理,17:00:00,21:00:00
PRE12/ARE45/SUB4504,35.6362917,140.092546,居酒屋・バー,17:00:00,20:00:00
PRE34/ARE248/SUB24801,34.2486079,132.5719717,お好み焼・粉物,17:30:00,20:40:00
PRE13/ARE9/SUB903,35.7284917,139.7786926,その他,17:00:00,23:00:00
PRE11/ARE489/SUB4902,36.1420024,139.3913478,すし・魚料理,17:00:00,22:00:00
PRE13/ARE12/SUB1201,35.718507,139.6533395,アジア・エスニック,17:00:00,23:00:00
PRE40/ARE137/SUB65308,33.5863418,130.4818437,イタリアン,17:30:00,21:00:00
PRE11/ARE53/SUB5301,35.9063812,139.6084278,焼鳥・串料理,17:00:00,23:00:00
PRE04/ARE158/SUB53103,38.2597428,140.8789866,焼鳥・串料理,17:00:00,20:00:00
PRE28/ARE98/SUB9801,34.6920313,135.1969207,居酒屋・バー,17:00:00,22:00:00
PRE41/ARE140/SUB14002,33.3735301,130.515441,洋食・西洋料理,18:00:00,23:00:00
PRE07/ARE163/SUB16302,37.3897004,140.341793,郷土料理,18:00:00,23:30:00
PRE25/ARE119/SUB11901,34.9867858,135.9277803,居酒屋・バー,18:00:00,24:00:00
PRE13/ARE14/SUB1405,35.6596224,139.7421766,洋食・西洋料理,17:00:00,22:30:00
PRE28/ARE103/SUB10301,34.7426238,135.3572254,フレンチ,18:00:00,23:00:00
PRE28/ARE105/SUB10501,34.8127784,134.6821524,焼肉,17:00:00,22:00:00
PRE40/ARE127/SUB12703,33.5888538,130.4051041,ラーメン・麺類,17:30:00,0:30:00
PRE30/ARE283/SUB28302,33.5677129,135.4386842,丼もの・揚げ物,17:00:00,21:00:00
PRE14/ARE572/SUB57206,35.4413479,139.3649579,居酒屋・バー,17:00:00,24:00:00
PRE27/ARE94/SUB9401,34.6699254,135.5022158,洋食・西洋料理,18:00:00,2:00:00
PRE01/ARE261/SUB44506,42.109912,142.985258,和食・日本料理,17:00:00,21:00:00
PRE40/ARE134/SUB65203,33.8653117,130.7649041,中華,17:00:00,23:00:00
PRE13/ARE14/SUB1405,35.6532242,139.7356552,焼鳥・串料理,18:00:00,24:00:00
PRE11/ARE52/SUB5203,35.8138888,139.6480774,居酒屋・バー,17:00:00,24:00:00
PRE43/ARE142/SUB14201,32.7868154,130.690087,焼肉,18:00:00,24:00:00
PRE13/ARE21/SUB2102,35.7663606,139.8463761,ラーメン・麺類,18:00:00,21:00:00
PRE22/ARE337/SUB7904,34.6940952,137.560285,洋食・西洋料理,17:30:00,22:00:00