7:00,22:00,,,,
08:00,,,,,
07:30,14:00,,,,
,14:30,,,,
17:00,23:00,,,,
18:00,25:00,,,,
17:00,23:30,,,,
17:00,,,,,
15:00,21:00,,,,
9:30,13:00,,,,
1100,14:00,,,,
11:60,14:30,,,,
10:30,15:00,14:00,19:00,,
7:00,14:00,21:00,5:00,,
12:00,12:00,,,,
21:00,27:00,,,,
17:00,19:00,,,,
8:00,12:00,,,,
5:00,10:30,10:00,14:00,18:00,23:00
05:30,17.00,,,,
18:00,23:00,7:00,10:00,,
8:00,15:00,18:00,23:00,,
AM6:00,PM2:30,,,,
17:00,24:00,,,,
17:3,18:00,,,,
19:00,22:00,,,,
5:00,9:00,11:00,14:00,18:00,22:00
5:00,9:00,18:00,17:00,,
19:00,18:00,,,,
25:00,29:00,,,,